Godot Engine v4.7.2.stable.official.ed1daf0bf - https://godotengine.org

COOP_LOAD BOOT exe=C:/Users/miche/Desktop/Godot.exe
COOP_LOAD NETWORK_INITIALIZED
PLANES_NATURE { "flowers": 14541, "mushrooms": 484, "deer": 6, "stags": 2 } batches=1252
PLANES_NAV repaired_detail_faces=2
PLANES_NAV polygons=9124
PLANES_SURVIVAL_READY
COOP_LOAD MAP_READY
PLANES_READY trees=393 birds=14 crops={ "corn": 238551, "wheat": 412659, "grass": 795017, "undergrowth": 18813, "woodland_grass": 21884 }
COOP_LOAD ONLINE_JOIN_BEGIN code=54SDQW
COOP_LOAD EOS_PLATFORM_START
COOP_LOAD EOS_PLATFORM_READY
COOP_LOAD EOS_RELAY_CONTROL allowed
COOP_LOAD EOS_LOGIN_OK
COOP_LOAD EOS_LOBBY_SEARCH_EMPTY code=54SDQW results=0
COOP_LOAD EOS_LOBBY_FOUND code=54SDQW
COOP_LOAD EOS_LOBBY_JOINED code=54SDQW
PASS: Client connects to the Planes host
COOP_LOAD TRANSPORT_CONNECTED sending_hello
COOP_LOAD PEER_CONNECTED id=1
COOP_LOAD WELCOME
COOP_CONNECTED players=2
COOP_LOAD INITIAL_RECEIVE parts=2
COOP_LOAD INITIAL_APPLY_BEGIN
COOP_LOAD STATE_STAGE structures
COOP_LOAD STATE_STAGE players
COOP_LOAD STATE_STAGE enemies
COOP_LOAD STATE_STAGE items
COOP_LOAD STATE_STAGE barricades
COOP_LOAD INITIAL_APPLY_DONE
COOP_LOAD STATE_RECEIVE parts=2
COOP_LOAD STATE_STAGE structures
COOP_LOAD STATE_STAGE players
COOP_LOAD STATE_STAGE enemies
COOP_LOAD STATE_STAGE items
COOP_LOAD STATE_STAGE barricades
COOP_LOAD STATE_APPLY_DONE sequence=2
COOP_LOAD ROUND_BEGIN intro=false
COOP_LOAD ROUND_RUNNING players=2
COOP_RUNNING players=2
WARNING: EOSGMultiplayerPeer does not support unreliable ordered. Setting to reliable instead.
   at: godot::EOSGMultiplayerPeer::_set_transfer_mode (src\eosg_multiplayer_peer.cpp:610)
   GDScript backtrace (most recent call first):
       [0] _process (res://scripts/net_session.gd:1145)
WARNING: EOSGMultiplayerPeer does not support unreliable ordered. Setting to reliable instead.
   at: godot::EOSGMultiplayerPeer::_set_transfer_mode (src\eosg_multiplayer_peer.cpp:610)
   GDScript backtrace (most recent call first):
       [0] _process (res://scripts/net_session.gd:1145)
PASS: Both peers enter Planes with two players
WARNING: EOSGMultiplayerPeer does not support unreliable ordered. Setting to reliable instead.
   at: godot::EOSGMultiplayerPeer::_set_transfer_mode (src\eosg_multiplayer_peer.cpp:610)
   GDScript backtrace (most recent call first):
       [0] _process (res://scripts/net_session.gd:1145)
WARNING: EOSGMultiplayerPeer does not support unreliable ordered. Setting to reliable instead.
   at: godot::EOSGMultiplayerPeer::_set_transfer_mode (src\eosg_multiplayer_peer.cpp:610)
   GDScript backtrace (most recent call first):
       [0] _process (res://scripts/net_session.gd:1145)
WARNING: EOSGMultiplayerPeer does not support unreliable ordered. Setting to reliable instead.
   at: godot::EOSGMultiplayerPeer::_set_transfer_mode (src\eosg_multiplayer_peer.cpp:610)
   GDScript backtrace (most recent call first):
       [0] _process (res://scripts/net_session.gd:1145)
WARNING: EOSGMultiplayerPeer does not support unreliable ordered. Setting to reliable instead.
   at: godot::EOSGMultiplayerPeer::_set_transfer_mode (src\eosg_multiplayer_peer.cpp:610)
   GDScript backtrace (most recent call first):
       [0] _process (res://scripts/net_session.gd:1145)
WARNING: EOSGMultiplayerPeer does not support unreliable ordered. Setting to reliable instead.
   at: godot::EOSGMultiplayerPeer::_set_transfer_mode (src\eosg_multiplayer_peer.cpp:610)
   GDScript backtrace (most recent call first):
       [0] _process (res://scripts/net_session.gd:1145)
WARNING: EOSGMultiplayerPeer does not support unreliable ordered. Setting to reliable instead.
   at: godot::EOSGMultiplayerPeer::_set_transfer_mode (src\eosg_multiplayer_peer.cpp:610)
   GDScript backtrace (most recent call first):
       [0] _process (res://scripts/net_session.gd:1145)
WARNING: EOSGMultiplayerPeer does not support unreliable ordered. Setting to reliable instead.
   at: godot::EOSGMultiplayerPeer::_set_transfer_mode (src\eosg_multiplayer_peer.cpp:610)
   GDScript backtrace (most recent call first):
       [0] _process (res://scripts/net_session.gd:1145)
WARNING: EOSGMultiplayerPeer does not support unreliable ordered. Setting to reliable instead.
   at: godot::EOSGMultiplayerPeer::_set_transfer_mode (src\eosg_multiplayer_peer.cpp:610)
   GDScript backtrace (most recent call first):
       [0] _process (res://scripts/net_session.gd:1145)
WARNING: EOSGMultiplayerPeer does not support unreliable ordered. Setting to reliable instead.
   at: godot::EOSGMultiplayerPeer::_set_transfer_mode (src\eosg_multiplayer_peer.cpp:610)
   GDScript backtrace (most recent call first):
       [0] _process (res://scripts/net_session.gd:1145)
WARNING: EOSGMultiplayerPeer does not support unreliable ordered. Setting to reliable instead.
   at: godot::EOSGMultiplayerPeer::_set_transfer_mode (src\eosg_multiplayer_peer.cpp:610)
   GDScript backtrace (most recent call first):
       [0] _process (res://scripts/net_session.gd:1145)
WARNING: EOSGMultiplayerPeer does not support unreliable ordered. Setting to reliable instead.
   at: godot::EOSGMultiplayerPeer::_set_transfer_mode (src\eosg_multiplayer_peer.cpp:610)
   GDScript backtrace (most recent call first):
       [0] _process (res://scripts/net_session.gd:1145)
WARNING: EOSGMultiplayerPeer does not support unreliable ordered. Setting to reliable instead.
   at: godot::EOSGMultiplayerPeer::_set_transfer_mode (src\eosg_multiplayer_peer.cpp:610)
   GDScript backtrace (most recent call first):
       [0] _process (res://scripts/net_session.gd:1145)
WARNING: EOSGMultiplayerPeer does not support unreliable ordered. Setting to reliable instead.
   at: godot::EOSGMultiplayerPeer::_set_transfer_mode (src\eosg_multiplayer_peer.cpp:610)
   GDScript backtrace (most recent call first):
       [0] _process (res://scripts/net_session.gd:1145)
WARNING: EOSGMultiplayerPeer does not support unreliable ordered. Setting to reliable instead.
   at: godot::EOSGMultiplayerPeer::_set_transfer_mode (src\eosg_multiplayer_peer.cpp:610)
   GDScript backtrace (most recent call first):
       [0] _process (res://scripts/net_session.gd:1145)
WARNING: EOSGMultiplayerPeer does not support unreliable ordered. Setting to reliable instead.
   at: godot::EOSGMultiplayerPeer::_set_transfer_mode (src\eosg_multiplayer_peer.cpp:610)
   GDScript backtrace (most recent call first):
       [0] _process (res://scripts/net_session.gd:1145)
WARNING: EOSGMultiplayerPeer does not support unreliable ordered. Setting to reliable instead.
   at: godot::EOSGMultiplayerPeer::_set_transfer_mode (src\eosg_multiplayer_peer.cpp:610)
   GDScript backtrace (most recent call first):
       [0] _process (res://scripts/net_session.gd:1145)
WARNING: EOSGMultiplayerPeer does not support unreliable ordered. Setting to reliable instead.
   at: godot::EOSGMultiplayerPeer::_set_transfer_mode (src\eosg_multiplayer_peer.cpp:610)
   GDScript backtrace (most recent call first):
       [0] _process (res://scripts/net_session.gd:1145)
WARNING: EOSGMultiplayerPeer does not support unreliable ordered. Setting to reliable instead.
   at: godot::EOSGMultiplayerPeer::_set_transfer_mode (src\eosg_multiplayer_peer.cpp:610)
   GDScript backtrace (most recent call first):
       [0] _process (res://scripts/net_session.gd:1145)
WARNING: EOSGMultiplayerPeer does not support unreliable ordered. Setting to reliable instead.
   at: godot::EOSGMultiplayerPeer::_set_transfer_mode (src\eosg_multiplayer_peer.cpp:610)
   GDScript backtrace (most recent call first):
       [0] _process (res://scripts/net_session.gd:1145)
WARNING: EOSGMultiplayerPeer does not support unreliable ordered. Setting to reliable instead.
   at: godot::EOSGMultiplayerPeer::_set_transfer_mode (src\eosg_multiplayer_peer.cpp:610)
   GDScript backtrace (most recent call first):
       [0] _process (res://scripts/net_session.gd:1145)
WARNING: EOSGMultiplayerPeer does not support unreliable ordered. Setting to reliable instead.
   at: godot::EOSGMultiplayerPeer::_set_transfer_mode (src\eosg_multiplayer_peer.cpp:610)
   GDScript backtrace (most recent call first):
       [0] _process (res://scripts/net_session.gd:1145)
WARNING: EOSGMultiplayerPeer does not support unreliable ordered. Setting to reliable instead.
   at: godot::EOSGMultiplayerPeer::_set_transfer_mode (src\eosg_multiplayer_peer.cpp:610)
   GDScript backtrace (most recent call first):
       [0] _process (res://scripts/net_session.gd:1145)
WARNING: EOSGMultiplayerPeer does not support unreliable ordered. Setting to reliable instead.
   at: godot::EOSGMultiplayerPeer::_set_transfer_mode (src\eosg_multiplayer_peer.cpp:610)
   GDScript backtrace (most recent call first):
       [0] _process (res://scripts/net_session.gd:1145)
WARNING: EOSGMultiplayerPeer does not support unreliable ordered. Setting to reliable instead.
   at: godot::EOSGMultiplayerPeer::_set_transfer_mode (src\eosg_multiplayer_peer.cpp:610)
   GDScript backtrace (most recent call first):
       [0] _process (res://scripts/net_session.gd:1145)
WARNING: EOSGMultiplayerPeer does not support unreliable ordered. Setting to reliable instead.
   at: godot::EOSGMultiplayerPeer::_set_transfer_mode (src\eosg_multiplayer_peer.cpp:610)
   GDScript backtrace (most recent call first):
       [0] _process (res://scripts/net_session.gd:1145)
WARNING: EOSGMultiplayerPeer does not support unreliable ordered. Setting to reliable instead.
   at: godot::EOSGMultiplayerPeer::_set_transfer_mode (src\eosg_multiplayer_peer.cpp:610)
   GDScript backtrace (most recent call first):
       [0] _process (res://scripts/net_session.gd:1145)
WARNING: EOSGMultiplayerPeer does not support unreliable ordered. Setting to reliable instead.
   at: godot::EOSGMultiplayerPeer::_set_transfer_mode (src\eosg_multiplayer_peer.cpp:610)
   GDScript backtrace (most recent call first):
       [0] _process (res://scripts/net_session.gd:1145)
WARNING: EOSGMultiplayerPeer does not support unreliable ordered. Setting to reliable instead.
   at: godot::EOSGMultiplayerPeer::_set_transfer_mode (src\eosg_multiplayer_peer.cpp:610)
   GDScript backtrace (most recent call first):
       [0] _process (res://scripts/net_session.gd:1145)
WARNING: EOSGMultiplayerPeer does not support unreliable ordered. Setting to reliable instead.
   at: godot::EOSGMultiplayerPeer::_set_transfer_mode (src\eosg_multiplayer_peer.cpp:610)
   GDScript backtrace (most recent call first):
       [0] _process (res://scripts/net_session.gd:1145)
WARNING: EOSGMultiplayerPeer does not support unreliable ordered. Setting to reliable instead.
   at: godot::EOSGMultiplayerPeer::_set_transfer_mode (src\eosg_multiplayer_peer.cpp:610)
   GDScript backtrace (most recent call first):
       [0] _process (res://scripts/net_session.gd:1145)
WARNING: EOSGMultiplayerPeer does not support unreliable ordered. Setting to reliable instead.
   at: godot::EOSGMultiplayerPeer::_set_transfer_mode (src\eosg_multiplayer_peer.cpp:610)
   GDScript backtrace (most recent call first):
       [0] _process (res://scripts/net_session.gd:1145)
WARNING: EOSGMultiplayerPeer does not support unreliable ordered. Setting to reliable instead.
   at: godot::EOSGMultiplayerPeer::_set_transfer_mode (src\eosg_multiplayer_peer.cpp:610)
   GDScript backtrace (most recent call first):
       [0] _process (res://scripts/net_session.gd:1145)
COOP_LOAD EOS LogEOSRTC: TickTracker Ticks have been delayed. TimePeriod=[10.002375s] TickIntervalThreshold=[40ms] MaxTickInterval=[44ms] MaxExecutionTime=[1ms] TicksCount=[1433] ExpectedTicksCount=[1433]
WARNING: EOSGMultiplayerPeer does not support unreliable ordered. Setting to reliable instead.
   at: godot::EOSGMultiplayerPeer::_set_transfer_mode (src\eosg_multiplayer_peer.cpp:610)
   GDScript backtrace (most recent call first):
       [0] _process (res://scripts/net_session.gd:1145)
WARNING: EOSGMultiplayerPeer does not support unreliable ordered. Setting to reliable instead.
   at: godot::EOSGMultiplayerPeer::_set_transfer_mode (src\eosg_multiplayer_peer.cpp:610)
   GDScript backtrace (most recent call first):
       [0] _process (res://scripts/net_session.gd:1145)
WARNING: EOSGMultiplayerPeer does not support unreliable ordered. Setting to reliable instead.
   at: godot::EOSGMultiplayerPeer::_set_transfer_mode (src\eosg_multiplayer_peer.cpp:610)
   GDScript backtrace (most recent call first):
       [0] _process (res://scripts/net_session.gd:1145)
WARNING: EOSGMultiplayerPeer does not support unreliable ordered. Setting to reliable instead.
   at: godot::EOSGMultiplayerPeer::_set_transfer_mode (src\eosg_multiplayer_peer.cpp:610)
   GDScript backtrace (most recent call first):
       [0] _process (res://scripts/net_session.gd:1145)
PASS: Co-op starts without pausing the world
PASS: Session uses the real EOS transport
WARNING: EOSGMultiplayerPeer does not support unreliable ordered. Setting to reliable instead.
   at: godot::EOSGMultiplayerPeer::_set_transfer_mode (src\eosg_multiplayer_peer.cpp:610)
   GDScript backtrace (most recent call first):
       [0] _process (res://scripts/net_session.gd:1145)
WARNING: EOSGMultiplayerPeer does not support unreliable ordered. Setting to reliable instead.
   at: godot::EOSGMultiplayerPeer::_set_transfer_mode (src\eosg_multiplayer_peer.cpp:610)
   GDScript backtrace (most recent call first):
       [0] _process (res://scripts/net_session.gd:1145)
WARNING: EOSGMultiplayerPeer does not support unreliable ordered. Setting to reliable instead.
   at: godot::EOSGMultiplayerPeer::_set_transfer_mode (src\eosg_multiplayer_peer.cpp:610)
   GDScript backtrace (most recent call first):
       [0] _process (res://scripts/net_session.gd:1145)
WARNING: EOSGMultiplayerPeer does not support unreliable ordered. Setting to reliable instead.
   at: godot::EOSGMultiplayerPeer::_set_transfer_mode (src\eosg_multiplayer_peer.cpp:610)
   GDScript backtrace (most recent call first):
       [0] _process (res://scripts/net_session.gd:1145)
WARNING: EOSGMultiplayerPeer does not support unreliable ordered. Setting to reliable instead.
   at: godot::EOSGMultiplayerPeer::_set_transfer_mode (src\eosg_multiplayer_peer.cpp:610)
   GDScript backtrace (most recent call first):
       [0] _process (res://scripts/net_session.gd:1145)
WARNING: EOSGMultiplayerPeer does not support unreliable ordered. Setting to reliable instead.
   at: godot::EOSGMultiplayerPeer::_set_transfer_mode (src\eosg_multiplayer_peer.cpp:610)
   GDScript backtrace (most recent call first):
       [0] _process (res://scripts/net_session.gd:1145)
WARNING: EOSGMultiplayerPeer does not support unreliable ordered. Setting to reliable instead.
   at: godot::EOSGMultiplayerPeer::_set_transfer_mode (src\eosg_multiplayer_peer.cpp:610)
   GDScript backtrace (most recent call first):
       [0] _process (res://scripts/net_session.gd:1145)
WARNING: EOSGMultiplayerPeer does not support unreliable ordered. Setting to reliable instead.
   at: godot::EOSGMultiplayerPeer::_set_transfer_mode (src\eosg_multiplayer_peer.cpp:610)
   GDScript backtrace (most recent call first):
       [0] _process (res://scripts/net_session.gd:1145)
WARNING: EOSGMultiplayerPeer does not support unreliable ordered. Setting to reliable instead.
   at: godot::EOSGMultiplayerPeer::_set_transfer_mode (src\eosg_multiplayer_peer.cpp:610)
   GDScript backtrace (most recent call first):
       [0] _process (res://scripts/net_session.gd:1145)
WARNING: EOSGMultiplayerPeer does not support unreliable ordered. Setting to reliable instead.
   at: godot::EOSGMultiplayerPeer::_set_transfer_mode (src\eosg_multiplayer_peer.cpp:610)
   GDScript backtrace (most recent call first):
       [0] _process (res://scripts/net_session.gd:1145)
WARNING: EOSGMultiplayerPeer does not support unreliable ordered. Setting to reliable instead.
   at: godot::EOSGMultiplayerPeer::_set_transfer_mode (src\eosg_multiplayer_peer.cpp:610)
   GDScript backtrace (most recent call first):
       [0] _process (res://scripts/net_session.gd:1145)
WARNING: EOSGMultiplayerPeer does not support unreliable ordered. Setting to reliable instead.
   at: godot::EOSGMultiplayerPeer::_set_transfer_mode (src\eosg_multiplayer_peer.cpp:610)
   GDScript backtrace (most recent call first):
       [0] _process (res://scripts/net_session.gd:1145)
WARNING: EOSGMultiplayerPeer does not support unreliable ordered. Setting to reliable instead.
   at: godot::EOSGMultiplayerPeer::_set_transfer_mode (src\eosg_multiplayer_peer.cpp:610)
   GDScript backtrace (most recent call first):
       [0] _process (res://scripts/net_session.gd:1145)
WARNING: EOSGMultiplayerPeer does not support unreliable ordered. Setting to reliable instead.
   at: godot::EOSGMultiplayerPeer::_set_transfer_mode (src\eosg_multiplayer_peer.cpp:610)
   GDScript backtrace (most recent call first):
       [0] _process (res://scripts/net_session.gd:1145)
WARNING: EOSGMultiplayerPeer does not support unreliable ordered. Setting to reliable instead.
   at: godot::EOSGMultiplayerPeer::_set_transfer_mode (src\eosg_multiplayer_peer.cpp:610)
   GDScript backtrace (most recent call first):
       [0] _process (res://scripts/net_session.gd:1145)
WARNING: EOSGMultiplayerPeer does not support unreliable ordered. Setting to reliable instead.
   at: godot::EOSGMultiplayerPeer::_set_transfer_mode (src\eosg_multiplayer_peer.cpp:610)
   GDScript backtrace (most recent call first):
       [0] _process (res://scripts/net_session.gd:1145)
WARNING: EOSGMultiplayerPeer does not support unreliable ordered. Setting to reliable instead.
   at: godot::EOSGMultiplayerPeer::_set_transfer_mode (src\eosg_multiplayer_peer.cpp:610)
   GDScript backtrace (most recent call first):
       [0] _process (res://scripts/net_session.gd:1145)
WARNING: EOSGMultiplayerPeer does not support unreliable ordered. Setting to reliable instead.
   at: godot::EOSGMultiplayerPeer::_set_transfer_mode (src\eosg_multiplayer_peer.cpp:610)
   GDScript backtrace (most recent call first):
       [0] _process (res://scripts/net_session.gd:1145)
WARNING: EOSGMultiplayerPeer does not support unreliable ordered. Setting to reliable instead.
   at: godot::EOSGMultiplayerPeer::_set_transfer_mode (src\eosg_multiplayer_peer.cpp:610)
   GDScript backtrace (most recent call first):
       [0] _process (res://scripts/net_session.gd:1145)
WARNING: EOSGMultiplayerPeer does not support unreliable ordered. Setting to reliable instead.
   at: godot::EOSGMultiplayerPeer::_set_transfer_mode (src\eosg_multiplayer_peer.cpp:610)
   GDScript backtrace (most recent call first):
       [0] _process (res://scripts/net_session.gd:1145)
WARNING: EOSGMultiplayerPeer does not support unreliable ordered. Setting to reliable instead.
   at: godot::EOSGMultiplayerPeer::_set_transfer_mode (src\eosg_multiplayer_peer.cpp:610)
   GDScript backtrace (most recent call first):
       [0] _process (res://scripts/net_session.gd:1145)
WARNING: EOSGMultiplayerPeer does not support unreliable ordered. Setting to reliable instead.
   at: godot::EOSGMultiplayerPeer::_set_transfer_mode (src\eosg_multiplayer_peer.cpp:610)
   GDScript backtrace (most recent call first):
       [0] _process (res://scripts/net_session.gd:1145)
WARNING: EOSGMultiplayerPeer does not support unreliable ordered. Setting to reliable instead.
   at: godot::EOSGMultiplayerPeer::_set_transfer_mode (src\eosg_multiplayer_peer.cpp:610)
   GDScript backtrace (most recent call first):
       [0] _process (res://scripts/net_session.gd:1145)
WARNING: EOSGMultiplayerPeer does not support unreliable ordered. Setting to reliable instead.
   at: godot::EOSGMultiplayerPeer::_set_transfer_mode (src\eosg_multiplayer_peer.cpp:610)
   GDScript backtrace (most recent call first):
       [0] _process (res://scripts/net_session.gd:1145)
WARNING: EOSGMultiplayerPeer does not support unreliable ordered. Setting to reliable instead.
   at: godot::EOSGMultiplayerPeer::_set_transfer_mode (src\eosg_multiplayer_peer.cpp:610)
   GDScript backtrace (most recent call first):
       [0] _process (res://scripts/net_session.gd:1145)
WARNING: EOSGMultiplayerPeer does not support unreliable ordered. Setting to reliable instead.
   at: godot::EOSGMultiplayerPeer::_set_transfer_mode (src\eosg_multiplayer_peer.cpp:610)
   GDScript backtrace (most recent call first):
       [0] _process (res://scripts/net_session.gd:1145)
WARNING: EOSGMultiplayerPeer does not support unreliable ordered. Setting to reliable instead.
   at: godot::EOSGMultiplayerPeer::_set_transfer_mode (src\eosg_multiplayer_peer.cpp:610)
   GDScript backtrace (most recent call first):
       [0] _process (res://scripts/net_session.gd:1145)
WARNING: EOSGMultiplayerPeer does not support unreliable ordered. Setting to reliable instead.
   at: godot::EOSGMultiplayerPeer::_set_transfer_mode (src\eosg_multiplayer_peer.cpp:610)
   GDScript backtrace (most recent call first):
       [0] _process (res://scripts/net_session.gd:1145)
WARNING: EOSGMultiplayerPeer does not support unreliable ordered. Setting to reliable instead.
   at: godot::EOSGMultiplayerPeer::_set_transfer_mode (src\eosg_multiplayer_peer.cpp:610)
   GDScript backtrace (most recent call first):
       [0] _process (res://scripts/net_session.gd:1145)
WARNING: EOSGMultiplayerPeer does not support unreliable ordered. Setting to reliable instead.
   at: godot::EOSGMultiplayerPeer::_set_transfer_mode (src\eosg_multiplayer_peer.cpp:610)
   GDScript backtrace (most recent call first):
       [0] _process (res://scripts/net_session.gd:1145)
WARNING: EOSGMultiplayerPeer does not support unreliable ordered. Setting to reliable instead.
   at: godot::EOSGMultiplayerPeer::_set_transfer_mode (src\eosg_multiplayer_peer.cpp:610)
   GDScript backtrace (most recent call first):
       [0] _process (res://scripts/net_session.gd:1145)
WARNING: EOSGMultiplayerPeer does not support unreliable ordered. Setting to reliable instead.
   at: godot::EOSGMultiplayerPeer::_set_transfer_mode (src\eosg_multiplayer_peer.cpp:610)
   GDScript backtrace (most recent call first):
       [0] _process (res://scripts/net_session.gd:1145)
WARNING: EOSGMultiplayerPeer does not support unreliable ordered. Setting to reliable instead.
   at: godot::EOSGMultiplayerPeer::_set_transfer_mode (src\eosg_multiplayer_peer.cpp:610)
   GDScript backtrace (most recent call first):
       [0] _process (res://scripts/net_session.gd:1145)
WARNING: EOSGMultiplayerPeer does not support unreliable ordered. Setting to reliable instead.
   at: godot::EOSGMultiplayerPeer::_set_transfer_mode (src\eosg_multiplayer_peer.cpp:610)
   GDScript backtrace (most recent call first):
       [0] _process (res://scripts/net_session.gd:1145)
WARNING: EOSGMultiplayerPeer does not support unreliable ordered. Setting to reliable instead.
   at: godot::EOSGMultiplayerPeer::_set_transfer_mode (src\eosg_multiplayer_peer.cpp:610)
   GDScript backtrace (most recent call first):
       [0] _process (res://scripts/net_session.gd:1145)
WARNING: EOSGMultiplayerPeer does not support unreliable ordered. Setting to reliable instead.
   at: godot::EOSGMultiplayerPeer::_set_transfer_mode (src\eosg_multiplayer_peer.cpp:610)
   GDScript backtrace (most recent call first):
       [0] _process (res://scripts/net_session.gd:1145)
PASS: Client receives wave and zombie state
PASS: Client receives day-night and weather state
WARNING: EOSGMultiplayerPeer does not support unreliable ordered. Setting to reliable instead.
   at: godot::EOSGMultiplayerPeer::_set_transfer_mode (src\eosg_multiplayer_peer.cpp:610)
   GDScript backtrace (most recent call first):
       [0] _process (res://scripts/net_session.gd:1145)
COOP_LOAD STATE_RECEIVE parts=3
COOP_LOAD STATE_STAGE structures
COOP_LOAD STATE_STAGE players
COOP_LOAD STATE_STAGE enemies
COOP_LOAD STATE_STAGE items
COOP_LOAD STATE_STAGE barricades
COOP_LOAD STATE_APPLY_DONE sequence=43
WARNING: EOSGMultiplayerPeer does not support unreliable ordered. Setting to reliable instead.
   at: godot::EOSGMultiplayerPeer::_set_transfer_mode (src\eosg_multiplayer_peer.cpp:610)
   GDScript backtrace (most recent call first):
       [0] _process (res://scripts/net_session.gd:1145)
WARNING: EOSGMultiplayerPeer does not support unreliable ordered. Setting to reliable instead.
   at: godot::EOSGMultiplayerPeer::_set_transfer_mode (src\eosg_multiplayer_peer.cpp:610)
   GDScript backtrace (most recent call first):
       [0] _process (res://scripts/net_session.gd:1145)
WARNING: EOSGMultiplayerPeer does not support unreliable ordered. Setting to reliable instead.
   at: godot::EOSGMultiplayerPeer::_set_transfer_mode (src\eosg_multiplayer_peer.cpp:610)
   GDScript backtrace (most recent call first):
       [0] _process (res://scripts/net_session.gd:1145)
WARNING: EOSGMultiplayerPeer does not support unreliable ordered. Setting to reliable instead.
   at: godot::EOSGMultiplayerPeer::_set_transfer_mode (src\eosg_multiplayer_peer.cpp:610)
   GDScript backtrace (most recent call first):
       [0] _process (res://scripts/net_session.gd:1145)
WARNING: EOSGMultiplayerPeer does not support unreliable ordered. Setting to reliable instead.
   at: godot::EOSGMultiplayerPeer::_set_transfer_mode (src\eosg_multiplayer_peer.cpp:610)
   GDScript backtrace (most recent call first):
       [0] _process (res://scripts/net_session.gd:1145)
WARNING: EOSGMultiplayerPeer does not support unreliable ordered. Setting to reliable instead.
   at: godot::EOSGMultiplayerPeer::_set_transfer_mode (src\eosg_multiplayer_peer.cpp:610)
   GDScript backtrace (most recent call first):
       [0] _process (res://scripts/net_session.gd:1145)
WARNING: EOSGMultiplayerPeer does not support unreliable ordered. Setting to reliable instead.
   at: godot::EOSGMultiplayerPeer::_set_transfer_mode (src\eosg_multiplayer_peer.cpp:610)
   GDScript backtrace (most recent call first):
       [0] _process (res://scripts/net_session.gd:1145)
WARNING: EOSGMultiplayerPeer does not support unreliable ordered. Setting to reliable instead.
   at: godot::EOSGMultiplayerPeer::_set_transfer_mode (src\eosg_multiplayer_peer.cpp:610)
   GDScript backtrace (most recent call first):
       [0] _process (res://scripts/net_session.gd:1145)
WARNING: EOSGMultiplayerPeer does not support unreliable ordered. Setting to reliable instead.
   at: godot::EOSGMultiplayerPeer::_set_transfer_mode (src\eosg_multiplayer_peer.cpp:610)
   GDScript backtrace (most recent call first):
       [0] _process (res://scripts/net_session.gd:1145)
WARNING: EOSGMultiplayerPeer does not support unreliable ordered. Setting to reliable instead.
   at: godot::EOSGMultiplayerPeer::_set_transfer_mode (src\eosg_multiplayer_peer.cpp:610)
   GDScript backtrace (most recent call first):
       [0] _process (res://scripts/net_session.gd:1145)
COOP_LOAD STATE_RECEIVE parts=3
COOP_LOAD STATE_APPLY_DONE sequence=50
COOP_LOAD STATE_RECEIVE parts=3
COOP_LOAD STATE_APPLY_DONE sequence=51
WARNING: EOSGMultiplayerPeer does not support unreliable ordered. Setting to reliable instead.
   at: godot::EOSGMultiplayerPeer::_set_transfer_mode (src\eosg_multiplayer_peer.cpp:610)
   GDScript backtrace (most recent call first):
       [0] _process (res://scripts/net_session.gd:1145)
WARNING: EOSGMultiplayerPeer does not support unreliable ordered. Setting to reliable instead.
   at: godot::EOSGMultiplayerPeer::_set_transfer_mode (src\eosg_multiplayer_peer.cpp:610)
   GDScript backtrace (most recent call first):
       [0] _process (res://scripts/net_session.gd:1145)
WARNING: EOSGMultiplayerPeer does not support unreliable ordered. Setting to reliable instead.
   at: godot::EOSGMultiplayerPeer::_set_transfer_mode (src\eosg_multiplayer_peer.cpp:610)
   GDScript backtrace (most recent call first):
       [0] _process (res://scripts/net_session.gd:1145)
WARNING: EOSGMultiplayerPeer does not support unreliable ordered. Setting to reliable instead.
   at: godot::EOSGMultiplayerPeer::_set_transfer_mode (src\eosg_multiplayer_peer.cpp:610)
   GDScript backtrace (most recent call first):
       [0] _process (res://scripts/net_session.gd:1145)
WARNING: EOSGMultiplayerPeer does not support unreliable ordered. Setting to reliable instead.
   at: godot::EOSGMultiplayerPeer::_set_transfer_mode (src\eosg_multiplayer_peer.cpp:610)
   GDScript backtrace (most recent call first):
       [0] _process (res://scripts/net_session.gd:1145)
WARNING: EOSGMultiplayerPeer does not support unreliable ordered. Setting to reliable instead.
   at: godot::EOSGMultiplayerPeer::_set_transfer_mode (src\eosg_multiplayer_peer.cpp:610)
   GDScript backtrace (most recent call first):
       [0] _process (res://scripts/net_session.gd:1145)
WARNING: EOSGMultiplayerPeer does not support unreliable ordered. Setting to reliable instead.
   at: godot::EOSGMultiplayerPeer::_set_transfer_mode (src\eosg_multiplayer_peer.cpp:610)
   GDScript backtrace (most recent call first):
       [0] _process (res://scripts/net_session.gd:1145)
WARNING: EOSGMultiplayerPeer does not support unreliable ordered. Setting to reliable instead.
   at: godot::EOSGMultiplayerPeer::_set_transfer_mode (src\eosg_multiplayer_peer.cpp:610)
   GDScript backtrace (most recent call first):
       [0] _process (res://scripts/net_session.gd:1145)
WARNING: EOSGMultiplayerPeer does not support unreliable ordered. Setting to reliable instead.
   at: godot::EOSGMultiplayerPeer::_set_transfer_mode (src\eosg_multiplayer_peer.cpp:610)
   GDScript backtrace (most recent call first):
       [0] _process (res://scripts/net_session.gd:1145)
WARNING: EOSGMultiplayerPeer does not support unreliable ordered. Setting to reliable instead.
   at: godot::EOSGMultiplayerPeer::_set_transfer_mode (src\eosg_multiplayer_peer.cpp:610)
   GDScript backtrace (most recent call first):
       [0] _process (res://scripts/net_session.gd:1145)
WARNING: EOSGMultiplayerPeer does not support unreliable ordered. Setting to reliable instead.
   at: godot::EOSGMultiplayerPeer::_set_transfer_mode (src\eosg_multiplayer_peer.cpp:610)
   GDScript backtrace (most recent call first):
       [0] _process (res://scripts/net_session.gd:1145)
WARNING: EOSGMultiplayerPeer does not support unreliable ordered. Setting to reliable instead.
   at: godot::EOSGMultiplayerPeer::_set_transfer_mode (src\eosg_multiplayer_peer.cpp:610)
   GDScript backtrace (most recent call first):
       [0] _process (res://scripts/net_session.gd:1145)
WARNING: EOSGMultiplayerPeer does not support unreliable ordered. Setting to reliable instead.
   at: godot::EOSGMultiplayerPeer::_set_transfer_mode (src\eosg_multiplayer_peer.cpp:610)
   GDScript backtrace (most recent call first):
       [0] _process (res://scripts/net_session.gd:1145)
WARNING: EOSGMultiplayerPeer does not support unreliable ordered. Setting to reliable instead.
   at: godot::EOSGMultiplayerPeer::_set_transfer_mode (src\eosg_multiplayer_peer.cpp:610)
   GDScript backtrace (most recent call first):
       [0] _process (res://scripts/net_session.gd:1145)
WARNING: EOSGMultiplayerPeer does not support unreliable ordered. Setting to reliable instead.
   at: godot::EOSGMultiplayerPeer::_set_transfer_mode (src\eosg_multiplayer_peer.cpp:610)
   GDScript backtrace (most recent call first):
       [0] _process (res://scripts/net_session.gd:1145)
WARNING: EOSGMultiplayerPeer does not support unreliable ordered. Setting to reliable instead.
   at: godot::EOSGMultiplayerPeer::_set_transfer_mode (src\eosg_multiplayer_peer.cpp:610)
   GDScript backtrace (most recent call first):
       [0] _process (res://scripts/net_session.gd:1145)
WARNING: EOSGMultiplayerPeer does not support unreliable ordered. Setting to reliable instead.
   at: godot::EOSGMultiplayerPeer::_set_transfer_mode (src\eosg_multiplayer_peer.cpp:610)
   GDScript backtrace (most recent call first):
       [0] _process (res://scripts/net_session.gd:1145)
WARNING: EOSGMultiplayerPeer does not support unreliable ordered. Setting to reliable instead.
   at: godot::EOSGMultiplayerPeer::_set_transfer_mode (src\eosg_multiplayer_peer.cpp:610)
   GDScript backtrace (most recent call first):
       [0] _process (res://scripts/net_session.gd:1145)
WARNING: EOSGMultiplayerPeer does not support unreliable ordered. Setting to reliable instead.
   at: godot::EOSGMultiplayerPeer::_set_transfer_mode (src\eosg_multiplayer_peer.cpp:610)
   GDScript backtrace (most recent call first):
       [0] _process (res://scripts/net_session.gd:1145)
WARNING: EOSGMultiplayerPeer does not support unreliable ordered. Setting to reliable instead.
   at: godot::EOSGMultiplayerPeer::_set_transfer_mode (src\eosg_multiplayer_peer.cpp:610)
   GDScript backtrace (most recent call first):
       [0] _process (res://scripts/net_session.gd:1145)
WARNING: EOSGMultiplayerPeer does not support unreliable ordered. Setting to reliable instead.
   at: godot::EOSGMultiplayerPeer::_set_transfer_mode (src\eosg_multiplayer_peer.cpp:610)
   GDScript backtrace (most recent call first):
       [0] _process (res://scripts/net_session.gd:1145)
WARNING: EOSGMultiplayerPeer does not support unreliable ordered. Setting to reliable instead.
   at: godot::EOSGMultiplayerPeer::_set_transfer_mode (src\eosg_multiplayer_peer.cpp:610)
   GDScript backtrace (most recent call first):
       [0] _process (res://scripts/net_session.gd:1145)
WARNING: EOSGMultiplayerPeer does not support unreliable ordered. Setting to reliable instead.
   at: godot::EOSGMultiplayerPeer::_set_transfer_mode (src\eosg_multiplayer_peer.cpp:610)
   GDScript backtrace (most recent call first):
       [0] _process (res://scripts/net_session.gd:1145)
WARNING: EOSGMultiplayerPeer does not support unreliable ordered. Setting to reliable instead.
   at: godot::EOSGMultiplayerPeer::_set_transfer_mode (src\eosg_multiplayer_peer.cpp:610)
   GDScript backtrace (most recent call first):
       [0] _process (res://scripts/net_session.gd:1145)
WARNING: EOSGMultiplayerPeer does not support unreliable ordered. Setting to reliable instead.
   at: godot::EOSGMultiplayerPeer::_set_transfer_mode (src\eosg_multiplayer_peer.cpp:610)
   GDScript backtrace (most recent call first):
       [0] _process (res://scripts/net_session.gd:1145)
WARNING: EOSGMultiplayerPeer does not support unreliable ordered. Setting to reliable instead.
   at: godot::EOSGMultiplayerPeer::_set_transfer_mode (src\eosg_multiplayer_peer.cpp:610)
   GDScript backtrace (most recent call first):
       [0] _process (res://scripts/net_session.gd:1145)
WARNING: EOSGMultiplayerPeer does not support unreliable ordered. Setting to reliable instead.
   at: godot::EOSGMultiplayerPeer::_set_transfer_mode (src\eosg_multiplayer_peer.cpp:610)
   GDScript backtrace (most recent call first):
       [0] _process (res://scripts/net_session.gd:1145)
WARNING: EOSGMultiplayerPeer does not support unreliable ordered. Setting to reliable instead.
   at: godot::EOSGMultiplayerPeer::_set_transfer_mode (src\eosg_multiplayer_peer.cpp:610)
   GDScript backtrace (most recent call first):
       [0] _process (res://scripts/net_session.gd:1145)
WARNING: EOSGMultiplayerPeer does not support unreliable ordered. Setting to reliable instead.
   at: godot::EOSGMultiplayerPeer::_set_transfer_mode (src\eosg_multiplayer_peer.cpp:610)
   GDScript backtrace (most recent call first):
       [0] _process (res://scripts/net_session.gd:1145)
WARNING: EOSGMultiplayerPeer does not support unreliable ordered. Setting to reliable instead.
   at: godot::EOSGMultiplayerPeer::_set_transfer_mode (src\eosg_multiplayer_peer.cpp:610)
   GDScript backtrace (most recent call first):
       [0] _process (res://scripts/net_session.gd:1145)
WARNING: EOSGMultiplayerPeer does not support unreliable ordered. Setting to reliable instead.
   at: godot::EOSGMultiplayerPeer::_set_transfer_mode (src\eosg_multiplayer_peer.cpp:610)
   GDScript backtrace (most recent call first):
       [0] _process (res://scripts/net_session.gd:1145)
WARNING: EOSGMultiplayerPeer does not support unreliable ordered. Setting to reliable instead.
   at: godot::EOSGMultiplayerPeer::_set_transfer_mode (src\eosg_multiplayer_peer.cpp:610)
   GDScript backtrace (most recent call first):
       [0] _process (res://scripts/net_session.gd:1145)
WARNING: EOSGMultiplayerPeer does not support unreliable ordered. Setting to reliable instead.
   at: godot::EOSGMultiplayerPeer::_set_transfer_mode (src\eosg_multiplayer_peer.cpp:610)
   GDScript backtrace (most recent call first):
       [0] _process (res://scripts/net_session.gd:1145)
WARNING: EOSGMultiplayerPeer does not support unreliable ordered. Setting to reliable instead.
   at: godot::EOSGMultiplayerPeer::_set_transfer_mode (src\eosg_multiplayer_peer.cpp:610)
   GDScript backtrace (most recent call first):
       [0] _process (res://scripts/net_session.gd:1145)
WARNING: EOSGMultiplayerPeer does not support unreliable ordered. Setting to reliable instead.
   at: godot::EOSGMultiplayerPeer::_set_transfer_mode (src\eosg_multiplayer_peer.cpp:610)
   GDScript backtrace (most recent call first):
       [0] _process (res://scripts/net_session.gd:1145)
WARNING: EOSGMultiplayerPeer does not support unreliable ordered. Setting to reliable instead.
   at: godot::EOSGMultiplayerPeer::_set_transfer_mode (src\eosg_multiplayer_peer.cpp:610)
   GDScript backtrace (most recent call first):
       [0] _process (res://scripts/net_session.gd:1145)
WARNING: EOSGMultiplayerPeer does not support unreliable ordered. Setting to reliable instead.
   at: godot::EOSGMultiplayerPeer::_set_transfer_mode (src\eosg_multiplayer_peer.cpp:610)
   GDScript backtrace (most recent call first):
       [0] _process (res://scripts/net_session.gd:1145)
PASS: Client receives its purchased inventory and balance
WARNING: EOSGMultiplayerPeer does not support unreliable ordered. Setting to reliable instead.
   at: godot::EOSGMultiplayerPeer::_set_transfer_mode (src\eosg_multiplayer_peer.cpp:610)
   GDScript backtrace (most recent call first):
       [0] _process (res://scripts/net_session.gd:1145)
WARNING: EOSGMultiplayerPeer does not support unreliable ordered. Setting to reliable instead.
   at: godot::EOSGMultiplayerPeer::_set_transfer_mode (src\eosg_multiplayer_peer.cpp:610)
   GDScript backtrace (most recent call first):
       [0] _process (res://scripts/net_session.gd:1145)
COOP_LOAD STATE_RECEIVE parts=3
COOP_LOAD STATE_STAGE structures
COOP_LOAD STATE_STAGE players
COOP_LOAD STATE_STAGE enemies
COOP_LOAD STATE_STAGE items
COOP_LOAD STATE_STAGE barricades
COOP_LOAD STATE_APPLY_DONE sequence=72
WARNING: EOSGMultiplayerPeer does not support unreliable ordered. Setting to reliable instead.
   at: godot::EOSGMultiplayerPeer::_set_transfer_mode (src\eosg_multiplayer_peer.cpp:610)
   GDScript backtrace (most recent call first):
       [0] _process (res://scripts/net_session.gd:1145)
WARNING: EOSGMultiplayerPeer does not support unreliable ordered. Setting to reliable instead.
   at: godot::EOSGMultiplayerPeer::_set_transfer_mode (src\eosg_multiplayer_peer.cpp:610)
   GDScript backtrace (most recent call first):
       [0] _process (res://scripts/net_session.gd:1145)
WARNING: EOSGMultiplayerPeer does not support unreliable ordered. Setting to reliable instead.
   at: godot::EOSGMultiplayerPeer::_set_transfer_mode (src\eosg_multiplayer_peer.cpp:610)
   GDScript backtrace (most recent call first):
       [0] _process (res://scripts/net_session.gd:1145)
WARNING: EOSGMultiplayerPeer does not support unreliable ordered. Setting to reliable instead.
   at: godot::EOSGMultiplayerPeer::_set_transfer_mode (src\eosg_multiplayer_peer.cpp:610)
   GDScript backtrace (most recent call first):
       [0] _process (res://scripts/net_session.gd:1145)
WARNING: EOSGMultiplayerPeer does not support unreliable ordered. Setting to reliable instead.
   at: godot::EOSGMultiplayerPeer::_set_transfer_mode (src\eosg_multiplayer_peer.cpp:610)
   GDScript backtrace (most recent call first):
       [0] _process (res://scripts/net_session.gd:1145)
WARNING: EOSGMultiplayerPeer does not support unreliable ordered. Setting to reliable instead.
   at: godot::EOSGMultiplayerPeer::_set_transfer_mode (src\eosg_multiplayer_peer.cpp:610)
   GDScript backtrace (most recent call first):
       [0] _process (res://scripts/net_session.gd:1145)
WARNING: EOSGMultiplayerPeer does not support unreliable ordered. Setting to reliable instead.
   at: godot::EOSGMultiplayerPeer::_set_transfer_mode (src\eosg_multiplayer_peer.cpp:610)
   GDScript backtrace (most recent call first):
       [0] _process (res://scripts/net_session.gd:1145)
WARNING: EOSGMultiplayerPeer does not support unreliable ordered. Setting to reliable instead.
   at: godot::EOSGMultiplayerPeer::_set_transfer_mode (src\eosg_multiplayer_peer.cpp:610)
   GDScript backtrace (most recent call first):
       [0] _process (res://scripts/net_session.gd:1145)
WARNING: EOSGMultiplayerPeer does not support unreliable ordered. Setting to reliable instead.
   at: godot::EOSGMultiplayerPeer::_set_transfer_mode (src\eosg_multiplayer_peer.cpp:610)
   GDScript backtrace (most recent call first):
       [0] _process (res://scripts/net_session.gd:1145)
WARNING: EOSGMultiplayerPeer does not support unreliable ordered. Setting to reliable instead.
   at: godot::EOSGMultiplayerPeer::_set_transfer_mode (src\eosg_multiplayer_peer.cpp:610)
   GDScript backtrace (most recent call first):
       [0] _process (res://scripts/net_session.gd:1145)
WARNING: EOSGMultiplayerPeer does not support unreliable ordered. Setting to reliable instead.
   at: godot::EOSGMultiplayerPeer::_set_transfer_mode (src\eosg_multiplayer_peer.cpp:610)
   GDScript backtrace (most recent call first):
       [0] _process (res://scripts/net_session.gd:1145)
WARNING: EOSGMultiplayerPeer does not support unreliable ordered. Setting to reliable instead.
   at: godot::EOSGMultiplayerPeer::_set_transfer_mode (src\eosg_multiplayer_peer.cpp:610)
   GDScript backtrace (most recent call first):
       [0] _process (res://scripts/net_session.gd:1145)
COOP_LOAD STATE_RECEIVE parts=3
COOP_LOAD STATE_APPLY_DONE sequence=79
COOP_LOAD STATE_RECEIVE parts=3
COOP_LOAD STATE_APPLY_DONE sequence=80
WARNING: EOSGMultiplayerPeer does not support unreliable ordered. Setting to reliable instead.
   at: godot::EOSGMultiplayerPeer::_set_transfer_mode (src\eosg_multiplayer_peer.cpp:610)
   GDScript backtrace (most recent call first):
       [0] _process (res://scripts/net_session.gd:1145)
WARNING: EOSGMultiplayerPeer does not support unreliable ordered. Setting to reliable instead.
   at: godot::EOSGMultiplayerPeer::_set_transfer_mode (src\eosg_multiplayer_peer.cpp:610)
   GDScript backtrace (most recent call first):
       [0] _process (res://scripts/net_session.gd:1145)
WARNING: EOSGMultiplayerPeer does not support unreliable ordered. Setting to reliable instead.
   at: godot::EOSGMultiplayerPeer::_set_transfer_mode (src\eosg_multiplayer_peer.cpp:610)
   GDScript backtrace (most recent call first):
       [0] _process (res://scripts/net_session.gd:1145)
WARNING: EOSGMultiplayerPeer does not support unreliable ordered. Setting to reliable instead.
   at: godot::EOSGMultiplayerPeer::_set_transfer_mode (src\eosg_multiplayer_peer.cpp:610)
   GDScript backtrace (most recent call first):
       [0] _process (res://scripts/net_session.gd:1145)
WARNING: EOSGMultiplayerPeer does not support unreliable ordered. Setting to reliable instead.
   at: godot::EOSGMultiplayerPeer::_set_transfer_mode (src\eosg_multiplayer_peer.cpp:610)
   GDScript backtrace (most recent call first):
       [0] _process (res://scripts/net_session.gd:1145)
WARNING: EOSGMultiplayerPeer does not support unreliable ordered. Setting to reliable instead.
   at: godot::EOSGMultiplayerPeer::_set_transfer_mode (src\eosg_multiplayer_peer.cpp:610)
   GDScript backtrace (most recent call first):
       [0] _process (res://scripts/net_session.gd:1145)
WARNING: EOSGMultiplayerPeer does not support unreliable ordered. Setting to reliable instead.
   at: godot::EOSGMultiplayerPeer::_set_transfer_mode (src\eosg_multiplayer_peer.cpp:610)
   GDScript backtrace (most recent call first):
       [0] _process (res://scripts/net_session.gd:1145)
WARNING: EOSGMultiplayerPeer does not support unreliable ordered. Setting to reliable instead.
   at: godot::EOSGMultiplayerPeer::_set_transfer_mode (src\eosg_multiplayer_peer.cpp:610)
   GDScript backtrace (most recent call first):
       [0] _process (res://scripts/net_session.gd:1145)
WARNING: EOSGMultiplayerPeer does not support unreliable ordered. Setting to reliable instead.
   at: godot::EOSGMultiplayerPeer::_set_transfer_mode (src\eosg_multiplayer_peer.cpp:610)
   GDScript backtrace (most recent call first):
       [0] _process (res://scripts/net_session.gd:1145)
WARNING: EOSGMultiplayerPeer does not support unreliable ordered. Setting to reliable instead.
   at: godot::EOSGMultiplayerPeer::_set_transfer_mode (src\eosg_multiplayer_peer.cpp:610)
   GDScript backtrace (most recent call first):
       [0] _process (res://scripts/net_session.gd:1145)
WARNING: EOSGMultiplayerPeer does not support unreliable ordered. Setting to reliable instead.
   at: godot::EOSGMultiplayerPeer::_set_transfer_mode (src\eosg_multiplayer_peer.cpp:610)
   GDScript backtrace (most recent call first):
       [0] _process (res://scripts/net_session.gd:1145)
WARNING: EOSGMultiplayerPeer does not support unreliable ordered. Setting to reliable instead.
   at: godot::EOSGMultiplayerPeer::_set_transfer_mode (src\eosg_multiplayer_peer.cpp:610)
   GDScript backtrace (most recent call first):
       [0] _process (res://scripts/net_session.gd:1145)
WARNING: EOSGMultiplayerPeer does not support unreliable ordered. Setting to reliable instead.
   at: godot::EOSGMultiplayerPeer::_set_transfer_mode (src\eosg_multiplayer_peer.cpp:610)
   GDScript backtrace (most recent call first):
       [0] _process (res://scripts/net_session.gd:1145)
WARNING: EOSGMultiplayerPeer does not support unreliable ordered. Setting to reliable instead.
   at: godot::EOSGMultiplayerPeer::_set_transfer_mode (src\eosg_multiplayer_peer.cpp:610)
   GDScript backtrace (most recent call first):
       [0] _process (res://scripts/net_session.gd:1145)
WARNING: EOSGMultiplayerPeer does not support unreliable ordered. Setting to reliable instead.
   at: godot::EOSGMultiplayerPeer::_set_transfer_mode (src\eosg_multiplayer_peer.cpp:610)
   GDScript backtrace (most recent call first):
       [0] _process (res://scripts/net_session.gd:1145)
WARNING: EOSGMultiplayerPeer does not support unreliable ordered. Setting to reliable instead.
   at: godot::EOSGMultiplayerPeer::_set_transfer_mode (src\eosg_multiplayer_peer.cpp:610)
   GDScript backtrace (most recent call first):
       [0] _process (res://scripts/net_session.gd:1145)
WARNING: EOSGMultiplayerPeer does not support unreliable ordered. Setting to reliable instead.
   at: godot::EOSGMultiplayerPeer::_set_transfer_mode (src\eosg_multiplayer_peer.cpp:610)
   GDScript backtrace (most recent call first):
       [0] _process (res://scripts/net_session.gd:1145)
WARNING: EOSGMultiplayerPeer does not support unreliable ordered. Setting to reliable instead.
   at: godot::EOSGMultiplayerPeer::_set_transfer_mode (src\eosg_multiplayer_peer.cpp:610)
   GDScript backtrace (most recent call first):
       [0] _process (res://scripts/net_session.gd:1145)
WARNING: EOSGMultiplayerPeer does not support unreliable ordered. Setting to reliable instead.
   at: godot::EOSGMultiplayerPeer::_set_transfer_mode (src\eosg_multiplayer_peer.cpp:610)
   GDScript backtrace (most recent call first):
       [0] _process (res://scripts/net_session.gd:1145)
WARNING: EOSGMultiplayerPeer does not support unreliable ordered. Setting to reliable instead.
   at: godot::EOSGMultiplayerPeer::_set_transfer_mode (src\eosg_multiplayer_peer.cpp:610)
   GDScript backtrace (most recent call first):
       [0] _process (res://scripts/net_session.gd:1145)
WARNING: EOSGMultiplayerPeer does not support unreliable ordered. Setting to reliable instead.
   at: godot::EOSGMultiplayerPeer::_set_transfer_mode (src\eosg_multiplayer_peer.cpp:610)
   GDScript backtrace (most recent call first):
       [0] _process (res://scripts/net_session.gd:1145)
WARNING: EOSGMultiplayerPeer does not support unreliable ordered. Setting to reliable instead.
   at: godot::EOSGMultiplayerPeer::_set_transfer_mode (src\eosg_multiplayer_peer.cpp:610)
   GDScript backtrace (most recent call first):
       [0] _process (res://scripts/net_session.gd:1145)
WARNING: EOSGMultiplayerPeer does not support unreliable ordered. Setting to reliable instead.
   at: godot::EOSGMultiplayerPeer::_set_transfer_mode (src\eosg_multiplayer_peer.cpp:610)
   GDScript backtrace (most recent call first):
       [0] _process (res://scripts/net_session.gd:1145)
WARNING: EOSGMultiplayerPeer does not support unreliable ordered. Setting to reliable instead.
   at: godot::EOSGMultiplayerPeer::_set_transfer_mode (src\eosg_multiplayer_peer.cpp:610)
   GDScript backtrace (most recent call first):
       [0] _process (res://scripts/net_session.gd:1145)
WARNING: EOSGMultiplayerPeer does not support unreliable ordered. Setting to reliable instead.
   at: godot::EOSGMultiplayerPeer::_set_transfer_mode (src\eosg_multiplayer_peer.cpp:610)
   GDScript backtrace (most recent call first):
       [0] _process (res://scripts/net_session.gd:1145)
WARNING: EOSGMultiplayerPeer does not support unreliable ordered. Setting to reliable instead.
   at: godot::EOSGMultiplayerPeer::_set_transfer_mode (src\eosg_multiplayer_peer.cpp:610)
   GDScript backtrace (most recent call first):
       [0] _process (res://scripts/net_session.gd:1145)
WARNING: EOSGMultiplayerPeer does not support unreliable ordered. Setting to reliable instead.
   at: godot::EOSGMultiplayerPeer::_set_transfer_mode (src\eosg_multiplayer_peer.cpp:610)
   GDScript backtrace (most recent call first):
       [0] _process (res://scripts/net_session.gd:1145)
WARNING: EOSGMultiplayerPeer does not support unreliable ordered. Setting to reliable instead.
   at: godot::EOSGMultiplayerPeer::_set_transfer_mode (src\eosg_multiplayer_peer.cpp:610)
   GDScript backtrace (most recent call first):
       [0] _process (res://scripts/net_session.gd:1145)
WARNING: EOSGMultiplayerPeer does not support unreliable ordered. Setting to reliable instead.
   at: godot::EOSGMultiplayerPeer::_set_transfer_mode (src\eosg_multiplayer_peer.cpp:610)
   GDScript backtrace (most recent call first):
       [0] _process (res://scripts/net_session.gd:1145)
WARNING: EOSGMultiplayerPeer does not support unreliable ordered. Setting to reliable instead.
   at: godot::EOSGMultiplayerPeer::_set_transfer_mode (src\eosg_multiplayer_peer.cpp:610)
   GDScript backtrace (most recent call first):
       [0] _process (res://scripts/net_session.gd:1145)
WARNING: EOSGMultiplayerPeer does not support unreliable ordered. Setting to reliable instead.
   at: godot::EOSGMultiplayerPeer::_set_transfer_mode (src\eosg_multiplayer_peer.cpp:610)
   GDScript backtrace (most recent call first):
       [0] _process (res://scripts/net_session.gd:1145)
WARNING: EOSGMultiplayerPeer does not support unreliable ordered. Setting to reliable instead.
   at: godot::EOSGMultiplayerPeer::_set_transfer_mode (src\eosg_multiplayer_peer.cpp:610)
   GDScript backtrace (most recent call first):
       [0] _process (res://scripts/net_session.gd:1145)
WARNING: EOSGMultiplayerPeer does not support unreliable ordered. Setting to reliable instead.
   at: godot::EOSGMultiplayerPeer::_set_transfer_mode (src\eosg_multiplayer_peer.cpp:610)
   GDScript backtrace (most recent call first):
       [0] _process (res://scripts/net_session.gd:1145)
WARNING: EOSGMultiplayerPeer does not support unreliable ordered. Setting to reliable instead.
   at: godot::EOSGMultiplayerPeer::_set_transfer_mode (src\eosg_multiplayer_peer.cpp:610)
   GDScript backtrace (most recent call first):
       [0] _process (res://scripts/net_session.gd:1145)
WARNING: EOSGMultiplayerPeer does not support unreliable ordered. Setting to reliable instead.
   at: godot::EOSGMultiplayerPeer::_set_transfer_mode (src\eosg_multiplayer_peer.cpp:610)
   GDScript backtrace (most recent call first):
       [0] _process (res://scripts/net_session.gd:1145)
WARNING: EOSGMultiplayerPeer does not support unreliable ordered. Setting to reliable instead.
   at: godot::EOSGMultiplayerPeer::_set_transfer_mode (src\eosg_multiplayer_peer.cpp:610)
   GDScript backtrace (most recent call first):
       [0] _process (res://scripts/net_session.gd:1145)
PASS: Built wall and consumed kit replicate to client
WARNING: EOSGMultiplayerPeer does not support unreliable ordered. Setting to reliable instead.
   at: godot::EOSGMultiplayerPeer::_set_transfer_mode (src\eosg_multiplayer_peer.cpp:610)
   GDScript backtrace (most recent call first):
       [0] _process (res://scripts/net_session.gd:1145)
WARNING: EOSGMultiplayerPeer does not support unreliable ordered. Setting to reliable instead.
   at: godot::EOSGMultiplayerPeer::_set_transfer_mode (src\eosg_multiplayer_peer.cpp:610)
   GDScript backtrace (most recent call first):
       [0] _process (res://scripts/net_session.gd:1145)
COOP_LOAD STATE_RECEIVE parts=3
COOP_LOAD STATE_STAGE structures
COOP_LOAD STATE_STAGE players
COOP_LOAD STATE_STAGE enemies
COOP_LOAD STATE_STAGE items
COOP_LOAD STATE_STAGE barricades
COOP_LOAD STATE_APPLY_DONE sequence=101
WARNING: EOSGMultiplayerPeer does not support unreliable ordered. Setting to reliable instead.
   at: godot::EOSGMultiplayerPeer::_set_transfer_mode (src\eosg_multiplayer_peer.cpp:610)
   GDScript backtrace (most recent call first):
       [0] _process (res://scripts/net_session.gd:1145)
WARNING: EOSGMultiplayerPeer does not support unreliable ordered. Setting to reliable instead.
   at: godot::EOSGMultiplayerPeer::_set_transfer_mode (src\eosg_multiplayer_peer.cpp:610)
   GDScript backtrace (most recent call first):
       [0] _process (res://scripts/net_session.gd:1145)
WARNING: EOSGMultiplayerPeer does not support unreliable ordered. Setting to reliable instead.
   at: godot::EOSGMultiplayerPeer::_set_transfer_mode (src\eosg_multiplayer_peer.cpp:610)
   GDScript backtrace (most recent call first):
       [0] _process (res://scripts/net_session.gd:1145)
WARNING: EOSGMultiplayerPeer does not support unreliable ordered. Setting to reliable instead.
   at: godot::EOSGMultiplayerPeer::_set_transfer_mode (src\eosg_multiplayer_peer.cpp:610)
   GDScript backtrace (most recent call first):
       [0] _process (res://scripts/net_session.gd:1145)
WARNING: EOSGMultiplayerPeer does not support unreliable ordered. Setting to reliable instead.
   at: godot::EOSGMultiplayerPeer::_set_transfer_mode (src\eosg_multiplayer_peer.cpp:610)
   GDScript backtrace (most recent call first):
       [0] _process (res://scripts/net_session.gd:1145)
WARNING: EOSGMultiplayerPeer does not support unreliable ordered. Setting to reliable instead.
   at: godot::EOSGMultiplayerPeer::_set_transfer_mode (src\eosg_multiplayer_peer.cpp:610)
   GDScript backtrace (most recent call first):
       [0] _process (res://scripts/net_session.gd:1145)
WARNING: EOSGMultiplayerPeer does not support unreliable ordered. Setting to reliable instead.
   at: godot::EOSGMultiplayerPeer::_set_transfer_mode (src\eosg_multiplayer_peer.cpp:610)
   GDScript backtrace (most recent call first):
       [0] _process (res://scripts/net_session.gd:1145)
WARNING: EOSGMultiplayerPeer does not support unreliable ordered. Setting to reliable instead.
   at: godot::EOSGMultiplayerPeer::_set_transfer_mode (src\eosg_multiplayer_peer.cpp:610)
   GDScript backtrace (most recent call first):
       [0] _process (res://scripts/net_session.gd:1145)
WARNING: EOSGMultiplayerPeer does not support unreliable ordered. Setting to reliable instead.
   at: godot::EOSGMultiplayerPeer::_set_transfer_mode (src\eosg_multiplayer_peer.cpp:610)
   GDScript backtrace (most recent call first):
       [0] _process (res://scripts/net_session.gd:1145)
WARNING: EOSGMultiplayerPeer does not support unreliable ordered. Setting to reliable instead.
   at: godot::EOSGMultiplayerPeer::_set_transfer_mode (src\eosg_multiplayer_peer.cpp:610)
   GDScript backtrace (most recent call first):
       [0] _process (res://scripts/net_session.gd:1145)
COOP_LOAD STATE_RECEIVE parts=3
COOP_LOAD STATE_APPLY_DONE sequence=108
COOP_LOAD STATE_RECEIVE parts=3
COOP_LOAD STATE_APPLY_DONE sequence=109
COOP_LOAD STATE_RECEIVE parts=3
COOP_LOAD STATE_APPLY_DONE sequence=110
WARNING: EOSGMultiplayerPeer does not support unreliable ordered. Setting to reliable instead.
   at: godot::EOSGMultiplayerPeer::_set_transfer_mode (src\eosg_multiplayer_peer.cpp:610)
   GDScript backtrace (most recent call first):
       [0] _process (res://scripts/net_session.gd:1145)
WARNING: EOSGMultiplayerPeer does not support unreliable ordered. Setting to reliable instead.
   at: godot::EOSGMultiplayerPeer::_set_transfer_mode (src\eosg_multiplayer_peer.cpp:610)
   GDScript backtrace (most recent call first):
       [0] _process (res://scripts/net_session.gd:1145)
WARNING: EOSGMultiplayerPeer does not support unreliable ordered. Setting to reliable instead.
   at: godot::EOSGMultiplayerPeer::_set_transfer_mode (src\eosg_multiplayer_peer.cpp:610)
   GDScript backtrace (most recent call first):
       [0] _process (res://scripts/net_session.gd:1145)
WARNING: EOSGMultiplayerPeer does not support unreliable ordered. Setting to reliable instead.
   at: godot::EOSGMultiplayerPeer::_set_transfer_mode (src\eosg_multiplayer_peer.cpp:610)
   GDScript backtrace (most recent call first):
       [0] _process (res://scripts/net_session.gd:1145)
WARNING: EOSGMultiplayerPeer does not support unreliable ordered. Setting to reliable instead.
   at: godot::EOSGMultiplayerPeer::_set_transfer_mode (src\eosg_multiplayer_peer.cpp:610)
   GDScript backtrace (most recent call first):
       [0] _process (res://scripts/net_session.gd:1145)
WARNING: EOSGMultiplayerPeer does not support unreliable ordered. Setting to reliable instead.
   at: godot::EOSGMultiplayerPeer::_set_transfer_mode (src\eosg_multiplayer_peer.cpp:610)
   GDScript backtrace (most recent call first):
       [0] _process (res://scripts/net_session.gd:1145)
WARNING: EOSGMultiplayerPeer does not support unreliable ordered. Setting to reliable instead.
   at: godot::EOSGMultiplayerPeer::_set_transfer_mode (src\eosg_multiplayer_peer.cpp:610)
   GDScript backtrace (most recent call first):
       [0] _process (res://scripts/net_session.gd:1145)
WARNING: EOSGMultiplayerPeer does not support unreliable ordered. Setting to reliable instead.
   at: godot::EOSGMultiplayerPeer::_set_transfer_mode (src\eosg_multiplayer_peer.cpp:610)
   GDScript backtrace (most recent call first):
       [0] _process (res://scripts/net_session.gd:1145)
WARNING: EOSGMultiplayerPeer does not support unreliable ordered. Setting to reliable instead.
   at: godot::EOSGMultiplayerPeer::_set_transfer_mode (src\eosg_multiplayer_peer.cpp:610)
   GDScript backtrace (most recent call first):
       [0] _process (res://scripts/net_session.gd:1145)
WARNING: EOSGMultiplayerPeer does not support unreliable ordered. Setting to reliable instead.
   at: godot::EOSGMultiplayerPeer::_set_transfer_mode (src\eosg_multiplayer_peer.cpp:610)
   GDScript backtrace (most recent call first):
       [0] _process (res://scripts/net_session.gd:1145)
WARNING: EOSGMultiplayerPeer does not support unreliable ordered. Setting to reliable instead.
   at: godot::EOSGMultiplayerPeer::_set_transfer_mode (src\eosg_multiplayer_peer.cpp:610)
   GDScript backtrace (most recent call first):
       [0] _process (res://scripts/net_session.gd:1145)
WARNING: EOSGMultiplayerPeer does not support unreliable ordered. Setting to reliable instead.
   at: godot::EOSGMultiplayerPeer::_set_transfer_mode (src\eosg_multiplayer_peer.cpp:610)
   GDScript backtrace (most recent call first):
       [0] _process (res://scripts/net_session.gd:1145)
WARNING: EOSGMultiplayerPeer does not support unreliable ordered. Setting to reliable instead.
   at: godot::EOSGMultiplayerPeer::_set_transfer_mode (src\eosg_multiplayer_peer.cpp:610)
   GDScript backtrace (most recent call first):
       [0] _process (res://scripts/net_session.gd:1145)
WARNING: EOSGMultiplayerPeer does not support unreliable ordered. Setting to reliable instead.
   at: godot::EOSGMultiplayerPeer::_set_transfer_mode (src\eosg_multiplayer_peer.cpp:610)
   GDScript backtrace (most recent call first):
       [0] _process (res://scripts/net_session.gd:1145)
WARNING: EOSGMultiplayerPeer does not support unreliable ordered. Setting to reliable instead.
   at: godot::EOSGMultiplayerPeer::_set_transfer_mode (src\eosg_multiplayer_peer.cpp:610)
   GDScript backtrace (most recent call first):
       [0] _process (res://scripts/net_session.gd:1145)
WARNING: EOSGMultiplayerPeer does not support unreliable ordered. Setting to reliable instead.
   at: godot::EOSGMultiplayerPeer::_set_transfer_mode (src\eosg_multiplayer_peer.cpp:610)
   GDScript backtrace (most recent call first):
       [0] _process (res://scripts/net_session.gd:1145)
WARNING: EOSGMultiplayerPeer does not support unreliable ordered. Setting to reliable instead.
   at: godot::EOSGMultiplayerPeer::_set_transfer_mode (src\eosg_multiplayer_peer.cpp:610)
   GDScript backtrace (most recent call first):
       [0] _process (res://scripts/net_session.gd:1145)
WARNING: EOSGMultiplayerPeer does not support unreliable ordered. Setting to reliable instead.
   at: godot::EOSGMultiplayerPeer::_set_transfer_mode (src\eosg_multiplayer_peer.cpp:610)
   GDScript backtrace (most recent call first):
       [0] _process (res://scripts/net_session.gd:1145)
WARNING: EOSGMultiplayerPeer does not support unreliable ordered. Setting to reliable instead.
   at: godot::EOSGMultiplayerPeer::_set_transfer_mode (src\eosg_multiplayer_peer.cpp:610)
   GDScript backtrace (most recent call first):
       [0] _process (res://scripts/net_session.gd:1145)
WARNING: EOSGMultiplayerPeer does not support unreliable ordered. Setting to reliable instead.
   at: godot::EOSGMultiplayerPeer::_set_transfer_mode (src\eosg_multiplayer_peer.cpp:610)
   GDScript backtrace (most recent call first):
       [0] _process (res://scripts/net_session.gd:1145)
WARNING: EOSGMultiplayerPeer does not support unreliable ordered. Setting to reliable instead.
   at: godot::EOSGMultiplayerPeer::_set_transfer_mode (src\eosg_multiplayer_peer.cpp:610)
   GDScript backtrace (most recent call first):
       [0] _process (res://scripts/net_session.gd:1145)
WARNING: EOSGMultiplayerPeer does not support unreliable ordered. Setting to reliable instead.
   at: godot::EOSGMultiplayerPeer::_set_transfer_mode (src\eosg_multiplayer_peer.cpp:610)
   GDScript backtrace (most recent call first):
       [0] _process (res://scripts/net_session.gd:1145)
WARNING: EOSGMultiplayerPeer does not support unreliable ordered. Setting to reliable instead.
   at: godot::EOSGMultiplayerPeer::_set_transfer_mode (src\eosg_multiplayer_peer.cpp:610)
   GDScript backtrace (most recent call first):
       [0] _process (res://scripts/net_session.gd:1145)
WARNING: EOSGMultiplayerPeer does not support unreliable ordered. Setting to reliable instead.
   at: godot::EOSGMultiplayerPeer::_set_transfer_mode (src\eosg_multiplayer_peer.cpp:610)
   GDScript backtrace (most recent call first):
       [0] _process (res://scripts/net_session.gd:1145)
WARNING: EOSGMultiplayerPeer does not support unreliable ordered. Setting to reliable instead.
   at: godot::EOSGMultiplayerPeer::_set_transfer_mode (src\eosg_multiplayer_peer.cpp:610)
   GDScript backtrace (most recent call first):
       [0] _process (res://scripts/net_session.gd:1145)
WARNING: EOSGMultiplayerPeer does not support unreliable ordered. Setting to reliable instead.
   at: godot::EOSGMultiplayerPeer::_set_transfer_mode (src\eosg_multiplayer_peer.cpp:610)
   GDScript backtrace (most recent call first):
       [0] _process (res://scripts/net_session.gd:1145)
WARNING: EOSGMultiplayerPeer does not support unreliable ordered. Setting to reliable instead.
   at: godot::EOSGMultiplayerPeer::_set_transfer_mode (src\eosg_multiplayer_peer.cpp:610)
   GDScript backtrace (most recent call first):
       [0] _process (res://scripts/net_session.gd:1145)
WARNING: EOSGMultiplayerPeer does not support unreliable ordered. Setting to reliable instead.
   at: godot::EOSGMultiplayerPeer::_set_transfer_mode (src\eosg_multiplayer_peer.cpp:610)
   GDScript backtrace (most recent call first):
       [0] _process (res://scripts/net_session.gd:1145)
WARNING: EOSGMultiplayerPeer does not support unreliable ordered. Setting to reliable instead.
   at: godot::EOSGMultiplayerPeer::_set_transfer_mode (src\eosg_multiplayer_peer.cpp:610)
   GDScript backtrace (most recent call first):
       [0] _process (res://scripts/net_session.gd:1145)
WARNING: EOSGMultiplayerPeer does not support unreliable ordered. Setting to reliable instead.
   at: godot::EOSGMultiplayerPeer::_set_transfer_mode (src\eosg_multiplayer_peer.cpp:610)
   GDScript backtrace (most recent call first):
       [0] _process (res://scripts/net_session.gd:1145)
WARNING: EOSGMultiplayerPeer does not support unreliable ordered. Setting to reliable instead.
   at: godot::EOSGMultiplayerPeer::_set_transfer_mode (src\eosg_multiplayer_peer.cpp:610)
   GDScript backtrace (most recent call first):
       [0] _process (res://scripts/net_session.gd:1145)
WARNING: EOSGMultiplayerPeer does not support unreliable ordered. Setting to reliable instead.
   at: godot::EOSGMultiplayerPeer::_set_transfer_mode (src\eosg_multiplayer_peer.cpp:610)
   GDScript backtrace (most recent call first):
       [0] _process (res://scripts/net_session.gd:1145)
WARNING: EOSGMultiplayerPeer does not support unreliable ordered. Setting to reliable instead.
   at: godot::EOSGMultiplayerPeer::_set_transfer_mode (src\eosg_multiplayer_peer.cpp:610)
   GDScript backtrace (most recent call first):
       [0] _process (res://scripts/net_session.gd:1145)
WARNING: EOSGMultiplayerPeer does not support unreliable ordered. Setting to reliable instead.
   at: godot::EOSGMultiplayerPeer::_set_transfer_mode (src\eosg_multiplayer_peer.cpp:610)
   GDScript backtrace (most recent call first):
       [0] _process (res://scripts/net_session.gd:1145)
WARNING: EOSGMultiplayerPeer does not support unreliable ordered. Setting to reliable instead.
   at: godot::EOSGMultiplayerPeer::_set_transfer_mode (src\eosg_multiplayer_peer.cpp:610)
   GDScript backtrace (most recent call first):
       [0] _process (res://scripts/net_session.gd:1145)
WARNING: EOSGMultiplayerPeer does not support unreliable ordered. Setting to reliable instead.
   at: godot::EOSGMultiplayerPeer::_set_transfer_mode (src\eosg_multiplayer_peer.cpp:610)
   GDScript backtrace (most recent call first):
       [0] _process (res://scripts/net_session.gd:1145)
PASS: Client sees the completed field quest and reward
PASS: Client profile receives quest XP exactly once
WARNING: EOSGMultiplayerPeer does not support unreliable ordered. Setting to reliable instead.
   at: godot::EOSGMultiplayerPeer::_set_transfer_mode (src\eosg_multiplayer_peer.cpp:610)
   GDScript backtrace (most recent call first):
       [0] _process (res://scripts/net_session.gd:1145)
WARNING: EOSGMultiplayerPeer does not support unreliable ordered. Setting to reliable instead.
   at: godot::EOSGMultiplayerPeer::_set_transfer_mode (src\eosg_multiplayer_peer.cpp:610)
   GDScript backtrace (most recent call first):
       [0] _process (res://scripts/net_session.gd:1145)
WARNING: EOSGMultiplayerPeer does not support unreliable ordered. Setting to reliable instead.
   at: godot::EOSGMultiplayerPeer::_set_transfer_mode (src\eosg_multiplayer_peer.cpp:610)
   GDScript backtrace (most recent call first):
       [0] _process (res://scripts/net_session.gd:1145)
COOP_LOAD STATE_RECEIVE parts=3
COOP_LOAD STATE_STAGE structures
COOP_LOAD STATE_STAGE players
COOP_LOAD STATE_STAGE enemies
COOP_LOAD STATE_STAGE items
COOP_LOAD STATE_STAGE barricades
COOP_LOAD STATE_APPLY_DONE sequence=132
WARNING: EOSGMultiplayerPeer does not support unreliable ordered. Setting to reliable instead.
   at: godot::EOSGMultiplayerPeer::_set_transfer_mode (src\eosg_multiplayer_peer.cpp:610)
   GDScript backtrace (most recent call first):
       [0] _process (res://scripts/net_session.gd:1145)
WARNING: EOSGMultiplayerPeer does not support unreliable ordered. Setting to reliable instead.
   at: godot::EOSGMultiplayerPeer::_set_transfer_mode (src\eosg_multiplayer_peer.cpp:610)
   GDScript backtrace (most recent call first):
       [0] _process (res://scripts/net_session.gd:1145)
WARNING: EOSGMultiplayerPeer does not support unreliable ordered. Setting to reliable instead.
   at: godot::EOSGMultiplayerPeer::_set_transfer_mode (src\eosg_multiplayer_peer.cpp:610)
   GDScript backtrace (most recent call first):
       [0] _process (res://scripts/net_session.gd:1145)
WARNING: EOSGMultiplayerPeer does not support unreliable ordered. Setting to reliable instead.
   at: godot::EOSGMultiplayerPeer::_set_transfer_mode (src\eosg_multiplayer_peer.cpp:610)
   GDScript backtrace (most recent call first):
       [0] _process (res://scripts/net_session.gd:1145)
WARNING: EOSGMultiplayerPeer does not support unreliable ordered. Setting to reliable instead.
   at: godot::EOSGMultiplayerPeer::_set_transfer_mode (src\eosg_multiplayer_peer.cpp:610)
   GDScript backtrace (most recent call first):
       [0] _process (res://scripts/net_session.gd:1145)
WARNING: EOSGMultiplayerPeer does not support unreliable ordered. Setting to reliable instead.
   at: godot::EOSGMultiplayerPeer::_set_transfer_mode (src\eosg_multiplayer_peer.cpp:610)
   GDScript backtrace (most recent call first):
       [0] _process (res://scripts/net_session.gd:1145)
WARNING: EOSGMultiplayerPeer does not support unreliable ordered. Setting to reliable instead.
   at: godot::EOSGMultiplayerPeer::_set_transfer_mode (src\eosg_multiplayer_peer.cpp:610)
   GDScript backtrace (most recent call first):
       [0] _process (res://scripts/net_session.gd:1145)
WARNING: EOSGMultiplayerPeer does not support unreliable ordered. Setting to reliable instead.
   at: godot::EOSGMultiplayerPeer::_set_transfer_mode (src\eosg_multiplayer_peer.cpp:610)
   GDScript backtrace (most recent call first):
       [0] _process (res://scripts/net_session.gd:1145)
WARNING: EOSGMultiplayerPeer does not support unreliable ordered. Setting to reliable instead.
   at: godot::EOSGMultiplayerPeer::_set_transfer_mode (src\eosg_multiplayer_peer.cpp:610)
   GDScript backtrace (most recent call first):
       [0] _process (res://scripts/net_session.gd:1145)
WARNING: EOSGMultiplayerPeer does not support unreliable ordered. Setting to reliable instead.
   at: godot::EOSGMultiplayerPeer::_set_transfer_mode (src\eosg_multiplayer_peer.cpp:610)
   GDScript backtrace (most recent call first):
       [0] _process (res://scripts/net_session.gd:1145)
WARNING: EOSGMultiplayerPeer does not support unreliable ordered. Setting to reliable instead.
   at: godot::EOSGMultiplayerPeer::_set_transfer_mode (src\eosg_multiplayer_peer.cpp:610)
   GDScript backtrace (most recent call first):
       [0] _process (res://scripts/net_session.gd:1145)
WARNING: EOSGMultiplayerPeer does not support unreliable ordered. Setting to reliable instead.
   at: godot::EOSGMultiplayerPeer::_set_transfer_mode (src\eosg_multiplayer_peer.cpp:610)
   GDScript backtrace (most recent call first):
       [0] _process (res://scripts/net_session.gd:1145)
WARNING: EOSGMultiplayerPeer does not support unreliable ordered. Setting to reliable instead.
   at: godot::EOSGMultiplayerPeer::_set_transfer_mode (src\eosg_multiplayer_peer.cpp:610)
   GDScript backtrace (most recent call first):
       [0] _process (res://scripts/net_session.gd:1145)
WARNING: EOSGMultiplayerPeer does not support unreliable ordered. Setting to reliable instead.
   at: godot::EOSGMultiplayerPeer::_set_transfer_mode (src\eosg_multiplayer_peer.cpp:610)
   GDScript backtrace (most recent call first):
       [0] _process (res://scripts/net_session.gd:1145)
WARNING: EOSGMultiplayerPeer does not support unreliable ordered. Setting to reliable instead.
   at: godot::EOSGMultiplayerPeer::_set_transfer_mode (src\eosg_multiplayer_peer.cpp:610)
   GDScript backtrace (most recent call first):
       [0] _process (res://scripts/net_session.gd:1145)
WARNING: EOSGMultiplayerPeer does not support unreliable ordered. Setting to reliable instead.
   at: godot::EOSGMultiplayerPeer::_set_transfer_mode (src\eosg_multiplayer_peer.cpp:610)
   GDScript backtrace (most recent call first):
       [0] _process (res://scripts/net_session.gd:1145)
WARNING: EOSGMultiplayerPeer does not support unreliable ordered. Setting to reliable instead.
   at: godot::EOSGMultiplayerPeer::_set_transfer_mode (src\eosg_multiplayer_peer.cpp:610)
   GDScript backtrace (most recent call first):
       [0] _process (res://scripts/net_session.gd:1145)
WARNING: EOSGMultiplayerPeer does not support unreliable ordered. Setting to reliable instead.
   at: godot::EOSGMultiplayerPeer::_set_transfer_mode (src\eosg_multiplayer_peer.cpp:610)
   GDScript backtrace (most recent call first):
       [0] _process (res://scripts/net_session.gd:1145)
WARNING: EOSGMultiplayerPeer does not support unreliable ordered. Setting to reliable instead.
   at: godot::EOSGMultiplayerPeer::_set_transfer_mode (src\eosg_multiplayer_peer.cpp:610)
   GDScript backtrace (most recent call first):
       [0] _process (res://scripts/net_session.gd:1145)
WARNING: EOSGMultiplayerPeer does not support unreliable ordered. Setting to reliable instead.
   at: godot::EOSGMultiplayerPeer::_set_transfer_mode (src\eosg_multiplayer_peer.cpp:610)
   GDScript backtrace (most recent call first):
       [0] _process (res://scripts/net_session.gd:1145)
WARNING: EOSGMultiplayerPeer does not support unreliable ordered. Setting to reliable instead.
   at: godot::EOSGMultiplayerPeer::_set_transfer_mode (src\eosg_multiplayer_peer.cpp:610)
   GDScript backtrace (most recent call first):
       [0] _process (res://scripts/net_session.gd:1145)
PASS: Wave progress and class XP reach the client
WARNING: EOSGMultiplayerPeer does not support unreliable ordered. Setting to reliable instead.
   at: godot::EOSGMultiplayerPeer::_set_transfer_mode (src\eosg_multiplayer_peer.cpp:610)
   GDScript backtrace (most recent call first):
       [0] _process (res://scripts/net_session.gd:1145)
WARNING: EOSGMultiplayerPeer does not support unreliable ordered. Setting to reliable instead.
   at: godot::EOSGMultiplayerPeer::_set_transfer_mode (src\eosg_multiplayer_peer.cpp:610)
   GDScript backtrace (most recent call first):
       [0] _process (res://scripts/net_session.gd:1145)
WARNING: EOSGMultiplayerPeer does not support unreliable ordered. Setting to reliable instead.
   at: godot::EOSGMultiplayerPeer::_set_transfer_mode (src\eosg_multiplayer_peer.cpp:610)
   GDScript backtrace (most recent call first):
       [0] _process (res://scripts/net_session.gd:1145)
WARNING: EOSGMultiplayerPeer does not support unreliable ordered. Setting to reliable instead.
   at: godot::EOSGMultiplayerPeer::_set_transfer_mode (src\eosg_multiplayer_peer.cpp:610)
   GDScript backtrace (most recent call first):
       [0] _process (res://scripts/net_session.gd:1145)
WARNING: EOSGMultiplayerPeer does not support unreliable ordered. Setting to reliable instead.
   at: godot::EOSGMultiplayerPeer::_set_transfer_mode (src\eosg_multiplayer_peer.cpp:610)
   GDScript backtrace (most recent call first):
       [0] _process (res://scripts/net_session.gd:1145)
WARNING: EOSGMultiplayerPeer does not support unreliable ordered. Setting to reliable instead.
   at: godot::EOSGMultiplayerPeer::_set_transfer_mode (src\eosg_multiplayer_peer.cpp:610)
   GDScript backtrace (most recent call first):
       [0] _process (res://scripts/net_session.gd:1145)
WARNING: EOSGMultiplayerPeer does not support unreliable ordered. Setting to reliable instead.
   at: godot::EOSGMultiplayerPeer::_set_transfer_mode (src\eosg_multiplayer_peer.cpp:610)
   GDScript backtrace (most recent call first):
       [0] _process (res://scripts/net_session.gd:1145)
WARNING: EOSGMultiplayerPeer does not support unreliable ordered. Setting to reliable instead.
   at: godot::EOSGMultiplayerPeer::_set_transfer_mode (src\eosg_multiplayer_peer.cpp:610)
   GDScript backtrace (most recent call first):
       [0] _process (res://scripts/net_session.gd:1145)
WARNING: EOSGMultiplayerPeer does not support unreliable ordered. Setting to reliable instead.
   at: godot::EOSGMultiplayerPeer::_set_transfer_mode (src\eosg_multiplayer_peer.cpp:610)
   GDScript backtrace (most recent call first):
       [0] _process (res://scripts/net_session.gd:1145)
WARNING: EOSGMultiplayerPeer does not support unreliable ordered. Setting to reliable instead.
   at: godot::EOSGMultiplayerPeer::_set_transfer_mode (src\eosg_multiplayer_peer.cpp:610)
   GDScript backtrace (most recent call first):
       [0] _process (res://scripts/net_session.gd:1145)
WARNING: EOSGMultiplayerPeer does not support unreliable ordered. Setting to reliable instead.
   at: godot::EOSGMultiplayerPeer::_set_transfer_mode (src\eosg_multiplayer_peer.cpp:610)
   GDScript backtrace (most recent call first):
       [0] _process (res://scripts/net_session.gd:1145)
WARNING: EOSGMultiplayerPeer does not support unreliable ordered. Setting to reliable instead.
   at: godot::EOSGMultiplayerPeer::_set_transfer_mode (src\eosg_multiplayer_peer.cpp:610)
   GDScript backtrace (most recent call first):
       [0] _process (res://scripts/net_session.gd:1145)
WARNING: EOSGMultiplayerPeer does not support unreliable ordered. Setting to reliable instead.
   at: godot::EOSGMultiplayerPeer::_set_transfer_mode (src\eosg_multiplayer_peer.cpp:610)
   GDScript backtrace (most recent call first):
       [0] _process (res://scripts/net_session.gd:1145)
WARNING: EOSGMultiplayerPeer does not support unreliable ordered. Setting to reliable instead.
   at: godot::EOSGMultiplayerPeer::_set_transfer_mode (src\eosg_multiplayer_peer.cpp:610)
   GDScript backtrace (most recent call first):
       [0] _process (res://scripts/net_session.gd:1145)
WARNING: EOSGMultiplayerPeer does not support unreliable ordered. Setting to reliable instead.
   at: godot::EOSGMultiplayerPeer::_set_transfer_mode (src\eosg_multiplayer_peer.cpp:610)
   GDScript backtrace (most recent call first):
       [0] _process (res://scripts/net_session.gd:1145)
WARNING: EOSGMultiplayerPeer does not support unreliable ordered. Setting to reliable instead.
   at: godot::EOSGMultiplayerPeer::_set_transfer_mode (src\eosg_multiplayer_peer.cpp:610)
   GDScript backtrace (most recent call first):
       [0] _process (res://scripts/net_session.gd:1145)
WARNING: EOSGMultiplayerPeer does not support unreliable ordered. Setting to reliable instead.
   at: godot::EOSGMultiplayerPeer::_set_transfer_mode (src\eosg_multiplayer_peer.cpp:610)
   GDScript backtrace (most recent call first):
       [0] _process (res://scripts/net_session.gd:1145)
WARNING: EOSGMultiplayerPeer does not support unreliable ordered. Setting to reliable instead.
   at: godot::EOSGMultiplayerPeer::_set_transfer_mode (src\eosg_multiplayer_peer.cpp:610)
   GDScript backtrace (most recent call first):
       [0] _process (res://scripts/net_session.gd:1145)
WARNING: EOSGMultiplayerPeer does not support unreliable ordered. Setting to reliable instead.
   at: godot::EOSGMultiplayerPeer::_set_transfer_mode (src\eosg_multiplayer_peer.cpp:610)
   GDScript backtrace (most recent call first):
       [0] _process (res://scripts/net_session.gd:1145)
WARNING: EOSGMultiplayerPeer does not support unreliable ordered. Setting to reliable instead.
   at: godot::EOSGMultiplayerPeer::_set_transfer_mode (src\eosg_multiplayer_peer.cpp:610)
   GDScript backtrace (most recent call first):
       [0] _process (res://scripts/net_session.gd:1145)
WARNING: EOSGMultiplayerPeer does not support unreliable ordered. Setting to reliable instead.
   at: godot::EOSGMultiplayerPeer::_set_transfer_mode (src\eosg_multiplayer_peer.cpp:610)
   GDScript backtrace (most recent call first):
       [0] _process (res://scripts/net_session.gd:1145)
WARNING: EOSGMultiplayerPeer does not support unreliable ordered. Setting to reliable instead.
   at: godot::EOSGMultiplayerPeer::_set_transfer_mode (src\eosg_multiplayer_peer.cpp:610)
   GDScript backtrace (most recent call first):
       [0] _process (res://scripts/net_session.gd:1145)
WARNING: EOSGMultiplayerPeer does not support unreliable ordered. Setting to reliable instead.
   at: godot::EOSGMultiplayerPeer::_set_transfer_mode (src\eosg_multiplayer_peer.cpp:610)
   GDScript backtrace (most recent call first):
       [0] _process (res://scripts/net_session.gd:1145)
WARNING: EOSGMultiplayerPeer does not support unreliable ordered. Setting to reliable instead.
   at: godot::EOSGMultiplayerPeer::_set_transfer_mode (src\eosg_multiplayer_peer.cpp:610)
   GDScript backtrace (most recent call first):
       [0] _process (res://scripts/net_session.gd:1145)
WARNING: EOSGMultiplayerPeer does not support unreliable ordered. Setting to reliable instead.
   at: godot::EOSGMultiplayerPeer::_set_transfer_mode (src\eosg_multiplayer_peer.cpp:610)
   GDScript backtrace (most recent call first):
       [0] _process (res://scripts/net_session.gd:1145)
WARNING: EOSGMultiplayerPeer does not support unreliable ordered. Setting to reliable instead.
   at: godot::EOSGMultiplayerPeer::_set_transfer_mode (src\eosg_multiplayer_peer.cpp:610)
   GDScript backtrace (most recent call first):
       [0] _process (res://scripts/net_session.gd:1145)
WARNING: EOSGMultiplayerPeer does not support unreliable ordered. Setting to reliable instead.
   at: godot::EOSGMultiplayerPeer::_set_transfer_mode (src\eosg_multiplayer_peer.cpp:610)
   GDScript backtrace (most recent call first):
       [0] _process (res://scripts/net_session.gd:1145)
WARNING: EOSGMultiplayerPeer does not support unreliable ordered. Setting to reliable instead.
   at: godot::EOSGMultiplayerPeer::_set_transfer_mode (src\eosg_multiplayer_peer.cpp:610)
   GDScript backtrace (most recent call first):
       [0] _process (res://scripts/net_session.gd:1145)
WARNING: EOSGMultiplayerPeer does not support unreliable ordered. Setting to reliable instead.
   at: godot::EOSGMultiplayerPeer::_set_transfer_mode (src\eosg_multiplayer_peer.cpp:610)
   GDScript backtrace (most recent call first):
       [0] _process (res://scripts/net_session.gd:1145)
WARNING: EOSGMultiplayerPeer does not support unreliable ordered. Setting to reliable instead.
   at: godot::EOSGMultiplayerPeer::_set_transfer_mode (src\eosg_multiplayer_peer.cpp:610)
   GDScript backtrace (most recent call first):
       [0] _process (res://scripts/net_session.gd:1145)
WARNING: EOSGMultiplayerPeer does not support unreliable ordered. Setting to reliable instead.
   at: godot::EOSGMultiplayerPeer::_set_transfer_mode (src\eosg_multiplayer_peer.cpp:610)
   GDScript backtrace (most recent call first):
       [0] _process (res://scripts/net_session.gd:1145)
WARNING: EOSGMultiplayerPeer does not support unreliable ordered. Setting to reliable instead.
   at: godot::EOSGMultiplayerPeer::_set_transfer_mode (src\eosg_multiplayer_peer.cpp:610)
   GDScript backtrace (most recent call first):
       [0] _process (res://scripts/net_session.gd:1145)
WARNING: EOSGMultiplayerPeer does not support unreliable ordered. Setting to reliable instead.
   at: godot::EOSGMultiplayerPeer::_set_transfer_mode (src\eosg_multiplayer_peer.cpp:610)
   GDScript backtrace (most recent call first):
       [0] _process (res://scripts/net_session.gd:1145)
WARNING: EOSGMultiplayerPeer does not support unreliable ordered. Setting to reliable instead.
   at: godot::EOSGMultiplayerPeer::_set_transfer_mode (src\eosg_multiplayer_peer.cpp:610)
   GDScript backtrace (most recent call first):
       [0] _process (res://scripts/net_session.gd:1145)
WARNING: EOSGMultiplayerPeer does not support unreliable ordered. Setting to reliable instead.
   at: godot::EOSGMultiplayerPeer::_set_transfer_mode (src\eosg_multiplayer_peer.cpp:610)
   GDScript backtrace (most recent call first):
       [0] _process (res://scripts/net_session.gd:1145)
WARNING: EOSGMultiplayerPeer does not support unreliable ordered. Setting to reliable instead.
   at: godot::EOSGMultiplayerPeer::_set_transfer_mode (src\eosg_multiplayer_peer.cpp:610)
   GDScript backtrace (most recent call first):
       [0] _process (res://scripts/net_session.gd:1145)
WARNING: EOSGMultiplayerPeer does not support unreliable ordered. Setting to reliable instead.
   at: godot::EOSGMultiplayerPeer::_set_transfer_mode (src\eosg_multiplayer_peer.cpp:610)
   GDScript backtrace (most recent call first):
       [0] _process (res://scripts/net_session.gd:1145)
WARNING: EOSGMultiplayerPeer does not support unreliable ordered. Setting to reliable instead.
   at: godot::EOSGMultiplayerPeer::_set_transfer_mode (src\eosg_multiplayer_peer.cpp:610)
   GDScript backtrace (most recent call first):
       [0] _process (res://scripts/net_session.gd:1145)
WARNING: EOSGMultiplayerPeer does not support unreliable ordered. Setting to reliable instead.
   at: godot::EOSGMultiplayerPeer::_set_transfer_mode (src\eosg_multiplayer_peer.cpp:610)
   GDScript backtrace (most recent call first):
       [0] _process (res://scripts/net_session.gd:1145)
WARNING: EOSGMultiplayerPeer does not support unreliable ordered. Setting to reliable instead.
   at: godot::EOSGMultiplayerPeer::_set_transfer_mode (src\eosg_multiplayer_peer.cpp:610)
   GDScript backtrace (most recent call first):
       [0] _process (res://scripts/net_session.gd:1145)
WARNING: EOSGMultiplayerPeer does not support unreliable ordered. Setting to reliable instead.
   at: godot::EOSGMultiplayerPeer::_set_transfer_mode (src\eosg_multiplayer_peer.cpp:610)
   GDScript backtrace (most recent call first):
       [0] _process (res://scripts/net_session.gd:1145)
WARNING: EOSGMultiplayerPeer does not support unreliable ordered. Setting to reliable instead.
   at: godot::EOSGMultiplayerPeer::_set_transfer_mode (src\eosg_multiplayer_peer.cpp:610)
   GDScript backtrace (most recent call first):
       [0] _process (res://scripts/net_session.gd:1145)
WARNING: EOSGMultiplayerPeer does not support unreliable ordered. Setting to reliable instead.
   at: godot::EOSGMultiplayerPeer::_set_transfer_mode (src\eosg_multiplayer_peer.cpp:610)
   GDScript backtrace (most recent call first):
       [0] _process (res://scripts/net_session.gd:1145)
WARNING: EOSGMultiplayerPeer does not support unreliable ordered. Setting to reliable instead.
   at: godot::EOSGMultiplayerPeer::_set_transfer_mode (src\eosg_multiplayer_peer.cpp:610)
   GDScript backtrace (most recent call first):
       [0] _process (res://scripts/net_session.gd:1145)
WARNING: EOSGMultiplayerPeer does not support unreliable ordered. Setting to reliable instead.
   at: godot::EOSGMultiplayerPeer::_set_transfer_mode (src\eosg_multiplayer_peer.cpp:610)
   GDScript backtrace (most recent call first):
       [0] _process (res://scripts/net_session.gd:1145)
WARNING: EOSGMultiplayerPeer does not support unreliable ordered. Setting to reliable instead.
   at: godot::EOSGMultiplayerPeer::_set_transfer_mode (src\eosg_multiplayer_peer.cpp:610)
   GDScript backtrace (most recent call first):
       [0] _process (res://scripts/net_session.gd:1145)
WARNING: EOSGMultiplayerPeer does not support unreliable ordered. Setting to reliable instead.
   at: godot::EOSGMultiplayerPeer::_set_transfer_mode (src\eosg_multiplayer_peer.cpp:610)
   GDScript backtrace (most recent call first):
       [0] _process (res://scripts/net_session.gd:1145)
WARNING: EOSGMultiplayerPeer does not support unreliable ordered. Setting to reliable instead.
   at: godot::EOSGMultiplayerPeer::_set_transfer_mode (src\eosg_multiplayer_peer.cpp:610)
   GDScript backtrace (most recent call first):
       [0] _process (res://scripts/net_session.gd:1145)
WARNING: EOSGMultiplayerPeer does not support unreliable ordered. Setting to reliable instead.
   at: godot::EOSGMultiplayerPeer::_set_transfer_mode (src\eosg_multiplayer_peer.cpp:610)
   GDScript backtrace (most recent call first):
       [0] _process (res://scripts/net_session.gd:1145)
WARNING: EOSGMultiplayerPeer does not support unreliable ordered. Setting to reliable instead.
   at: godot::EOSGMultiplayerPeer::_set_transfer_mode (src\eosg_multiplayer_peer.cpp:610)
   GDScript backtrace (most recent call first):
       [0] _process (res://scripts/net_session.gd:1145)
WARNING: EOSGMultiplayerPeer does not support unreliable ordered. Setting to reliable instead.
   at: godot::EOSGMultiplayerPeer::_set_transfer_mode (src\eosg_multiplayer_peer.cpp:610)
   GDScript backtrace (most recent call first):
       [0] _process (res://scripts/net_session.gd:1145)
WARNING: EOSGMultiplayerPeer does not support unreliable ordered. Setting to reliable instead.
   at: godot::EOSGMultiplayerPeer::_set_transfer_mode (src\eosg_multiplayer_peer.cpp:610)
   GDScript backtrace (most recent call first):
       [0] _process (res://scripts/net_session.gd:1145)
WARNING: EOSGMultiplayerPeer does not support unreliable ordered. Setting to reliable instead.
   at: godot::EOSGMultiplayerPeer::_set_transfer_mode (src\eosg_multiplayer_peer.cpp:610)
   GDScript backtrace (most recent call first):
       [0] _process (res://scripts/net_session.gd:1145)
WARNING: EOSGMultiplayerPeer does not support unreliable ordered. Setting to reliable instead.
   at: godot::EOSGMultiplayerPeer::_set_transfer_mode (src\eosg_multiplayer_peer.cpp:610)
   GDScript backtrace (most recent call first):
       [0] _process (res://scripts/net_session.gd:1145)
WARNING: EOSGMultiplayerPeer does not support unreliable ordered. Setting to reliable instead.
   at: godot::EOSGMultiplayerPeer::_set_transfer_mode (src\eosg_multiplayer_peer.cpp:610)
   GDScript backtrace (most recent call first):
       [0] _process (res://scripts/net_session.gd:1145)
WARNING: EOSGMultiplayerPeer does not support unreliable ordered. Setting to reliable instead.
   at: godot::EOSGMultiplayerPeer::_set_transfer_mode (src\eosg_multiplayer_peer.cpp:610)
   GDScript backtrace (most recent call first):
       [0] _process (res://scripts/net_session.gd:1145)
WARNING: EOSGMultiplayerPeer does not support unreliable ordered. Setting to reliable instead.
   at: godot::EOSGMultiplayerPeer::_set_transfer_mode (src\eosg_multiplayer_peer.cpp:610)
   GDScript backtrace (most recent call first):
       [0] _process (res://scripts/net_session.gd:1145)
WARNING: EOSGMultiplayerPeer does not support unreliable ordered. Setting to reliable instead.
   at: godot::EOSGMultiplayerPeer::_set_transfer_mode (src\eosg_multiplayer_peer.cpp:610)
   GDScript backtrace (most recent call first):
       [0] _process (res://scripts/net_session.gd:1145)
WARNING: EOSGMultiplayerPeer does not support unreliable ordered. Setting to reliable instead.
   at: godot::EOSGMultiplayerPeer::_set_transfer_mode (src\eosg_multiplayer_peer.cpp:610)
   GDScript backtrace (most recent call first):
       [0] _process (res://scripts/net_session.gd:1145)
WARNING: EOSGMultiplayerPeer does not support unreliable ordered. Setting to reliable instead.
   at: godot::EOSGMultiplayerPeer::_set_transfer_mode (src\eosg_multiplayer_peer.cpp:610)
   GDScript backtrace (most recent call first):
       [0] _process (res://scripts/net_session.gd:1145)
WARNING: EOSGMultiplayerPeer does not support unreliable ordered. Setting to reliable instead.
   at: godot::EOSGMultiplayerPeer::_set_transfer_mode (src\eosg_multiplayer_peer.cpp:610)
   GDScript backtrace (most recent call first):
       [0] _process (res://scripts/net_session.gd:1145)
WARNING: EOSGMultiplayerPeer does not support unreliable ordered. Setting to reliable instead.
   at: godot::EOSGMultiplayerPeer::_set_transfer_mode (src\eosg_multiplayer_peer.cpp:610)
   GDScript backtrace (most recent call first):
       [0] _process (res://scripts/net_session.gd:1145)
WARNING: EOSGMultiplayerPeer does not support unreliable ordered. Setting to reliable instead.
   at: godot::EOSGMultiplayerPeer::_set_transfer_mode (src\eosg_multiplayer_peer.cpp:610)
   GDScript backtrace (most recent call first):
       [0] _process (res://scripts/net_session.gd:1145)
WARNING: EOSGMultiplayerPeer does not support unreliable ordered. Setting to reliable instead.
   at: godot::EOSGMultiplayerPeer::_set_transfer_mode (src\eosg_multiplayer_peer.cpp:610)
   GDScript backtrace (most recent call first):
       [0] _process (res://scripts/net_session.gd:1145)
WARNING: EOSGMultiplayerPeer does not support unreliable ordered. Setting to reliable instead.
   at: godot::EOSGMultiplayerPeer::_set_transfer_mode (src\eosg_multiplayer_peer.cpp:610)
   GDScript backtrace (most recent call first):
       [0] _process (res://scripts/net_session.gd:1145)
WARNING: EOSGMultiplayerPeer does not support unreliable ordered. Setting to reliable instead.
   at: godot::EOSGMultiplayerPeer::_set_transfer_mode (src\eosg_multiplayer_peer.cpp:610)
   GDScript backtrace (most recent call first):
       [0] _process (res://scripts/net_session.gd:1145)
WARNING: EOSGMultiplayerPeer does not support unreliable ordered. Setting to reliable instead.
   at: godot::EOSGMultiplayerPeer::_set_transfer_mode (src\eosg_multiplayer_peer.cpp:610)
   GDScript backtrace (most recent call first):
       [0] _process (res://scripts/net_session.gd:1145)
WARNING: EOSGMultiplayerPeer does not support unreliable ordered. Setting to reliable instead.
   at: godot::EOSGMultiplayerPeer::_set_transfer_mode (src\eosg_multiplayer_peer.cpp:610)
   GDScript backtrace (most recent call first):
       [0] _process (res://scripts/net_session.gd:1145)
WARNING: EOSGMultiplayerPeer does not support unreliable ordered. Setting to reliable instead.
   at: godot::EOSGMultiplayerPeer::_set_transfer_mode (src\eosg_multiplayer_peer.cpp:610)
   GDScript backtrace (most recent call first):
       [0] _process (res://scripts/net_session.gd:1145)
WARNING: EOSGMultiplayerPeer does not support unreliable ordered. Setting to reliable instead.
   at: godot::EOSGMultiplayerPeer::_set_transfer_mode (src\eosg_multiplayer_peer.cpp:610)
   GDScript backtrace (most recent call first):
       [0] _process (res://scripts/net_session.gd:1145)
WARNING: EOSGMultiplayerPeer does not support unreliable ordered. Setting to reliable instead.
   at: godot::EOSGMultiplayerPeer::_set_transfer_mode (src\eosg_multiplayer_peer.cpp:610)
   GDScript backtrace (most recent call first):
       [0] _process (res://scripts/net_session.gd:1145)
WARNING: EOSGMultiplayerPeer does not support unreliable ordered. Setting to reliable instead.
   at: godot::EOSGMultiplayerPeer::_set_transfer_mode (src\eosg_multiplayer_peer.cpp:610)
   GDScript backtrace (most recent call first):
       [0] _process (res://scripts/net_session.gd:1145)
WARNING: EOSGMultiplayerPeer does not support unreliable ordered. Setting to reliable instead.
   at: godot::EOSGMultiplayerPeer::_set_transfer_mode (src\eosg_multiplayer_peer.cpp:610)
   GDScript backtrace (most recent call first):
       [0] _process (res://scripts/net_session.gd:1145)
WARNING: EOSGMultiplayerPeer does not support unreliable ordered. Setting to reliable instead.
   at: godot::EOSGMultiplayerPeer::_set_transfer_mode (src\eosg_multiplayer_peer.cpp:610)
   GDScript backtrace (most recent call first):
       [0] _process (res://scripts/net_session.gd:1145)
WARNING: EOSGMultiplayerPeer does not support unreliable ordered. Setting to reliable instead.
   at: godot::EOSGMultiplayerPeer::_set_transfer_mode (src\eosg_multiplayer_peer.cpp:610)
   GDScript backtrace (most recent call first):
       [0] _process (res://scripts/net_session.gd:1145)
WARNING: EOSGMultiplayerPeer does not support unreliable ordered. Setting to reliable instead.
   at: godot::EOSGMultiplayerPeer::_set_transfer_mode (src\eosg_multiplayer_peer.cpp:610)
   GDScript backtrace (most recent call first):
       [0] _process (res://scripts/net_session.gd:1145)
WARNING: EOSGMultiplayerPeer does not support unreliable ordered. Setting to reliable instead.
   at: godot::EOSGMultiplayerPeer::_set_transfer_mode (src\eosg_multiplayer_peer.cpp:610)
   GDScript backtrace (most recent call first):
       [0] _process (res://scripts/net_session.gd:1145)
WARNING: EOSGMultiplayerPeer does not support unreliable ordered. Setting to reliable instead.
   at: godot::EOSGMultiplayerPeer::_set_transfer_mode (src\eosg_multiplayer_peer.cpp:610)
   GDScript backtrace (most recent call first):
       [0] _process (res://scripts/net_session.gd:1145)
WARNING: EOSGMultiplayerPeer does not support unreliable ordered. Setting to reliable instead.
   at: godot::EOSGMultiplayerPeer::_set_transfer_mode (src\eosg_multiplayer_peer.cpp:610)
   GDScript backtrace (most recent call first):
       [0] _process (res://scripts/net_session.gd:1145)
WARNING: EOSGMultiplayerPeer does not support unreliable ordered. Setting to reliable instead.
   at: godot::EOSGMultiplayerPeer::_set_transfer_mode (src\eosg_multiplayer_peer.cpp:610)
   GDScript backtrace (most recent call first):
       [0] _process (res://scripts/net_session.gd:1145)
WARNING: EOSGMultiplayerPeer does not support unreliable ordered. Setting to reliable instead.
   at: godot::EOSGMultiplayerPeer::_set_transfer_mode (src\eosg_multiplayer_peer.cpp:610)
   GDScript backtrace (most recent call first):
       [0] _process (res://scripts/net_session.gd:1145)
WARNING: EOSGMultiplayerPeer does not support unreliable ordered. Setting to reliable instead.
   at: godot::EOSGMultiplayerPeer::_set_transfer_mode (src\eosg_multiplayer_peer.cpp:610)
   GDScript backtrace (most recent call first):
       [0] _process (res://scripts/net_session.gd:1145)
WARNING: EOSGMultiplayerPeer does not support unreliable ordered. Setting to reliable instead.
   at: godot::EOSGMultiplayerPeer::_set_transfer_mode (src\eosg_multiplayer_peer.cpp:610)
   GDScript backtrace (most recent call first):
       [0] _process (res://scripts/net_session.gd:1145)
WARNING: EOSGMultiplayerPeer does not support unreliable ordered. Setting to reliable instead.
   at: godot::EOSGMultiplayerPeer::_set_transfer_mode (src\eosg_multiplayer_peer.cpp:610)
   GDScript backtrace (most recent call first):
       [0] _process (res://scripts/net_session.gd:1145)
WARNING: EOSGMultiplayerPeer does not support unreliable ordered. Setting to reliable instead.
   at: godot::EOSGMultiplayerPeer::_set_transfer_mode (src\eosg_multiplayer_peer.cpp:610)
   GDScript backtrace (most recent call first):
       [0] _process (res://scripts/net_session.gd:1145)
WARNING: EOSGMultiplayerPeer does not support unreliable ordered. Setting to reliable instead.
   at: godot::EOSGMultiplayerPeer::_set_transfer_mode (src\eosg_multiplayer_peer.cpp:610)
   GDScript backtrace (most recent call first):
       [0] _process (res://scripts/net_session.gd:1145)
WARNING: EOSGMultiplayerPeer does not support unreliable ordered. Setting to reliable instead.
   at: godot::EOSGMultiplayerPeer::_set_transfer_mode (src\eosg_multiplayer_peer.cpp:610)
   GDScript backtrace (most recent call first):
       [0] _process (res://scripts/net_session.gd:1145)
WARNING: EOSGMultiplayerPeer does not support unreliable ordered. Setting to reliable instead.
   at: godot::EOSGMultiplayerPeer::_set_transfer_mode (src\eosg_multiplayer_peer.cpp:610)
   GDScript backtrace (most recent call first):
       [0] _process (res://scripts/net_session.gd:1145)
WARNING: EOSGMultiplayerPeer does not support unreliable ordered. Setting to reliable instead.
   at: godot::EOSGMultiplayerPeer::_set_transfer_mode (src\eosg_multiplayer_peer.cpp:610)
   GDScript backtrace (most recent call first):
       [0] _process (res://scripts/net_session.gd:1145)
WARNING: EOSGMultiplayerPeer does not support unreliable ordered. Setting to reliable instead.
   at: godot::EOSGMultiplayerPeer::_set_transfer_mode (src\eosg_multiplayer_peer.cpp:610)
   GDScript backtrace (most recent call first):
       [0] _process (res://scripts/net_session.gd:1145)
WARNING: EOSGMultiplayerPeer does not support unreliable ordered. Setting to reliable instead.
   at: godot::EOSGMultiplayerPeer::_set_transfer_mode (src\eosg_multiplayer_peer.cpp:610)
   GDScript backtrace (most recent call first):
       [0] _process (res://scripts/net_session.gd:1145)
WARNING: EOSGMultiplayerPeer does not support unreliable ordered. Setting to reliable instead.
   at: godot::EOSGMultiplayerPeer::_set_transfer_mode (src\eosg_multiplayer_peer.cpp:610)
   GDScript backtrace (most recent call first):
       [0] _process (res://scripts/net_session.gd:1145)
WARNING: EOSGMultiplayerPeer does not support unreliable ordered. Setting to reliable instead.
   at: godot::EOSGMultiplayerPeer::_set_transfer_mode (src\eosg_multiplayer_peer.cpp:610)
   GDScript backtrace (most recent call first):
       [0] _process (res://scripts/net_session.gd:1145)
WARNING: EOSGMultiplayerPeer does not support unreliable ordered. Setting to reliable instead.
   at: godot::EOSGMultiplayerPeer::_set_transfer_mode (src\eosg_multiplayer_peer.cpp:610)
   GDScript backtrace (most recent call first):
       [0] _process (res://scripts/net_session.gd:1145)
WARNING: EOSGMultiplayerPeer does not support unreliable ordered. Setting to reliable instead.
   at: godot::EOSGMultiplayerPeer::_set_transfer_mode (src\eosg_multiplayer_peer.cpp:610)
   GDScript backtrace (most recent call first):
       [0] _process (res://scripts/net_session.gd:1145)
WARNING: EOSGMultiplayerPeer does not support unreliable ordered. Setting to reliable instead.
   at: godot::EOSGMultiplayerPeer::_set_transfer_mode (src\eosg_multiplayer_peer.cpp:610)
   GDScript backtrace (most recent call first):
       [0] _process (res://scripts/net_session.gd:1145)
WARNING: EOSGMultiplayerPeer does not support unreliable ordered. Setting to reliable instead.
   at: godot::EOSGMultiplayerPeer::_set_transfer_mode (src\eosg_multiplayer_peer.cpp:610)
   GDScript backtrace (most recent call first):
       [0] _process (res://scripts/net_session.gd:1145)
WARNING: EOSGMultiplayerPeer does not support unreliable ordered. Setting to reliable instead.
   at: godot::EOSGMultiplayerPeer::_set_transfer_mode (src\eosg_multiplayer_peer.cpp:610)
   GDScript backtrace (most recent call first):
       [0] _process (res://scripts/net_session.gd:1145)
PASS: Client receives its revived state
WARNING: EOSGMultiplayerPeer does not support unreliable ordered. Setting to reliable instead.
   at: godot::EOSGMultiplayerPeer::_set_transfer_mode (src\eosg_multiplayer_peer.cpp:610)
   GDScript backtrace (most recent call first):
       [0] _process (res://scripts/net_session.gd:1145)
WARNING: EOSGMultiplayerPeer does not support unreliable ordered. Setting to reliable instead.
   at: godot::EOSGMultiplayerPeer::_set_transfer_mode (src\eosg_multiplayer_peer.cpp:610)
   GDScript backtrace (most recent call first):
       [0] _process (res://scripts/net_session.gd:1145)
COOP_LOAD STATE_RECEIVE parts=3
COOP_LOAD STATE_STAGE structures
COOP_LOAD STATE_STAGE players
COOP_LOAD STATE_STAGE enemies
COOP_LOAD STATE_STAGE items
COOP_LOAD STATE_STAGE barricades
COOP_LOAD STATE_APPLY_DONE sequence=197
WARNING: EOSGMultiplayerPeer does not support unreliable ordered. Setting to reliable instead.
   at: godot::EOSGMultiplayerPeer::_set_transfer_mode (src\eosg_multiplayer_peer.cpp:610)
   GDScript backtrace (most recent call first):
       [0] _process (res://scripts/net_session.gd:1145)
WARNING: EOSGMultiplayerPeer does not support unreliable ordered. Setting to reliable instead.
   at: godot::EOSGMultiplayerPeer::_set_transfer_mode (src\eosg_multiplayer_peer.cpp:610)
   GDScript backtrace (most recent call first):
       [0] _process (res://scripts/net_session.gd:1145)
WARNING: EOSGMultiplayerPeer does not support unreliable ordered. Setting to reliable instead.
   at: godot::EOSGMultiplayerPeer::_set_transfer_mode (src\eosg_multiplayer_peer.cpp:610)
   GDScript backtrace (most recent call first):
       [0] _process (res://scripts/net_session.gd:1145)
WARNING: EOSGMultiplayerPeer does not support unreliable ordered. Setting to reliable instead.
   at: godot::EOSGMultiplayerPeer::_set_transfer_mode (src\eosg_multiplayer_peer.cpp:610)
   GDScript backtrace (most recent call first):
       [0] _process (res://scripts/net_session.gd:1145)
WARNING: EOSGMultiplayerPeer does not support unreliable ordered. Setting to reliable instead.
   at: godot::EOSGMultiplayerPeer::_set_transfer_mode (src\eosg_multiplayer_peer.cpp:610)
   GDScript backtrace (most recent call first):
       [0] _process (res://scripts/net_session.gd:1145)
WARNING: EOSGMultiplayerPeer does not support unreliable ordered. Setting to reliable instead.
   at: godot::EOSGMultiplayerPeer::_set_transfer_mode (src\eosg_multiplayer_peer.cpp:610)
   GDScript backtrace (most recent call first):
       [0] _process (res://scripts/net_session.gd:1145)
WARNING: EOSGMultiplayerPeer does not support unreliable ordered. Setting to reliable instead.
   at: godot::EOSGMultiplayerPeer::_set_transfer_mode (src\eosg_multiplayer_peer.cpp:610)
   GDScript backtrace (most recent call first):
       [0] _process (res://scripts/net_session.gd:1145)
WARNING: EOSGMultiplayerPeer does not support unreliable ordered. Setting to reliable instead.
   at: godot::EOSGMultiplayerPeer::_set_transfer_mode (src\eosg_multiplayer_peer.cpp:610)
   GDScript backtrace (most recent call first):
       [0] _process (res://scripts/net_session.gd:1145)
WARNING: EOSGMultiplayerPeer does not support unreliable ordered. Setting to reliable instead.
   at: godot::EOSGMultiplayerPeer::_set_transfer_mode (src\eosg_multiplayer_peer.cpp:610)
   GDScript backtrace (most recent call first):
       [0] _process (res://scripts/net_session.gd:1145)
WARNING: EOSGMultiplayerPeer does not support unreliable ordered. Setting to reliable instead.
   at: godot::EOSGMultiplayerPeer::_set_transfer_mode (src\eosg_multiplayer_peer.cpp:610)
   GDScript backtrace (most recent call first):
       [0] _process (res://scripts/net_session.gd:1145)
WARNING: EOSGMultiplayerPeer does not support unreliable ordered. Setting to reliable instead.
   at: godot::EOSGMultiplayerPeer::_set_transfer_mode (src\eosg_multiplayer_peer.cpp:610)
   GDScript backtrace (most recent call first):
       [0] _process (res://scripts/net_session.gd:1145)
WARNING: EOSGMultiplayerPeer does not support unreliable ordered. Setting to reliable instead.
   at: godot::EOSGMultiplayerPeer::_set_transfer_mode (src\eosg_multiplayer_peer.cpp:610)
   GDScript backtrace (most recent call first):
       [0] _process (res://scripts/net_session.gd:1145)
WARNING: EOSGMultiplayerPeer does not support unreliable ordered. Setting to reliable instead.
   at: godot::EOSGMultiplayerPeer::_set_transfer_mode (src\eosg_multiplayer_peer.cpp:610)
   GDScript backtrace (most recent call first):
       [0] _process (res://scripts/net_session.gd:1145)
COOP_LOAD STATE_RECEIVE parts=3
COOP_LOAD STATE_APPLY_DONE sequence=205
COOP_LOAD STATE_RECEIVE parts=3
COOP_LOAD STATE_APPLY_DONE sequence=206
WARNING: EOSGMultiplayerPeer does not support unreliable ordered. Setting to reliable instead.
   at: godot::EOSGMultiplayerPeer::_set_transfer_mode (src\eosg_multiplayer_peer.cpp:610)
   GDScript backtrace (most recent call first):
       [0] _process (res://scripts/net_session.gd:1145)
WARNING: EOSGMultiplayerPeer does not support unreliable ordered. Setting to reliable instead.
   at: godot::EOSGMultiplayerPeer::_set_transfer_mode (src\eosg_multiplayer_peer.cpp:610)
   GDScript backtrace (most recent call first):
       [0] _process (res://scripts/net_session.gd:1145)
WARNING: EOSGMultiplayerPeer does not support unreliable ordered. Setting to reliable instead.
   at: godot::EOSGMultiplayerPeer::_set_transfer_mode (src\eosg_multiplayer_peer.cpp:610)
   GDScript backtrace (most recent call first):
       [0] _process (res://scripts/net_session.gd:1145)
WARNING: EOSGMultiplayerPeer does not support unreliable ordered. Setting to reliable instead.
   at: godot::EOSGMultiplayerPeer::_set_transfer_mode (src\eosg_multiplayer_peer.cpp:610)
   GDScript backtrace (most recent call first):
       [0] _process (res://scripts/net_session.gd:1145)
WARNING: EOSGMultiplayerPeer does not support unreliable ordered. Setting to reliable instead.
   at: godot::EOSGMultiplayerPeer::_set_transfer_mode (src\eosg_multiplayer_peer.cpp:610)
   GDScript backtrace (most recent call first):
       [0] _process (res://scripts/net_session.gd:1145)
WARNING: EOSGMultiplayerPeer does not support unreliable ordered. Setting to reliable instead.
   at: godot::EOSGMultiplayerPeer::_set_transfer_mode (src\eosg_multiplayer_peer.cpp:610)
   GDScript backtrace (most recent call first):
       [0] _process (res://scripts/net_session.gd:1145)
WARNING: EOSGMultiplayerPeer does not support unreliable ordered. Setting to reliable instead.
   at: godot::EOSGMultiplayerPeer::_set_transfer_mode (src\eosg_multiplayer_peer.cpp:610)
   GDScript backtrace (most recent call first):
       [0] _process (res://scripts/net_session.gd:1145)
WARNING: EOSGMultiplayerPeer does not support unreliable ordered. Setting to reliable instead.
   at: godot::EOSGMultiplayerPeer::_set_transfer_mode (src\eosg_multiplayer_peer.cpp:610)
   GDScript backtrace (most recent call first):
       [0] _process (res://scripts/net_session.gd:1145)
WARNING: EOSGMultiplayerPeer does not support unreliable ordered. Setting to reliable instead.
   at: godot::EOSGMultiplayerPeer::_set_transfer_mode (src\eosg_multiplayer_peer.cpp:610)
   GDScript backtrace (most recent call first):
       [0] _process (res://scripts/net_session.gd:1145)
WARNING: EOSGMultiplayerPeer does not support unreliable ordered. Setting to reliable instead.
   at: godot::EOSGMultiplayerPeer::_set_transfer_mode (src\eosg_multiplayer_peer.cpp:610)
   GDScript backtrace (most recent call first):
       [0] _process (res://scripts/net_session.gd:1145)
WARNING: EOSGMultiplayerPeer does not support unreliable ordered. Setting to reliable instead.
   at: godot::EOSGMultiplayerPeer::_set_transfer_mode (src\eosg_multiplayer_peer.cpp:610)
   GDScript backtrace (most recent call first):
       [0] _process (res://scripts/net_session.gd:1145)
WARNING: EOSGMultiplayerPeer does not support unreliable ordered. Setting to reliable instead.
   at: godot::EOSGMultiplayerPeer::_set_transfer_mode (src\eosg_multiplayer_peer.cpp:610)
   GDScript backtrace (most recent call first):
       [0] _process (res://scripts/net_session.gd:1145)
WARNING: EOSGMultiplayerPeer does not support unreliable ordered. Setting to reliable instead.
   at: godot::EOSGMultiplayerPeer::_set_transfer_mode (src\eosg_multiplayer_peer.cpp:610)
   GDScript backtrace (most recent call first):
       [0] _process (res://scripts/net_session.gd:1145)
WARNING: EOSGMultiplayerPeer does not support unreliable ordered. Setting to reliable instead.
   at: godot::EOSGMultiplayerPeer::_set_transfer_mode (src\eosg_multiplayer_peer.cpp:610)
   GDScript backtrace (most recent call first):
       [0] _process (res://scripts/net_session.gd:1145)
WARNING: EOSGMultiplayerPeer does not support unreliable ordered. Setting to reliable instead.
   at: godot::EOSGMultiplayerPeer::_set_transfer_mode (src\eosg_multiplayer_peer.cpp:610)
   GDScript backtrace (most recent call first):
       [0] _process (res://scripts/net_session.gd:1145)
WARNING: EOSGMultiplayerPeer does not support unreliable ordered. Setting to reliable instead.
   at: godot::EOSGMultiplayerPeer::_set_transfer_mode (src\eosg_multiplayer_peer.cpp:610)
   GDScript backtrace (most recent call first):
       [0] _process (res://scripts/net_session.gd:1145)
WARNING: EOSGMultiplayerPeer does not support unreliable ordered. Setting to reliable instead.
   at: godot::EOSGMultiplayerPeer::_set_transfer_mode (src\eosg_multiplayer_peer.cpp:610)
   GDScript backtrace (most recent call first):
       [0] _process (res://scripts/net_session.gd:1145)
WARNING: EOSGMultiplayerPeer does not support unreliable ordered. Setting to reliable instead.
   at: godot::EOSGMultiplayerPeer::_set_transfer_mode (src\eosg_multiplayer_peer.cpp:610)
   GDScript backtrace (most recent call first):
       [0] _process (res://scripts/net_session.gd:1145)
WARNING: EOSGMultiplayerPeer does not support unreliable ordered. Setting to reliable instead.
   at: godot::EOSGMultiplayerPeer::_set_transfer_mode (src\eosg_multiplayer_peer.cpp:610)
   GDScript backtrace (most recent call first):
       [0] _process (res://scripts/net_session.gd:1145)
WARNING: EOSGMultiplayerPeer does not support unreliable ordered. Setting to reliable instead.
   at: godot::EOSGMultiplayerPeer::_set_transfer_mode (src\eosg_multiplayer_peer.cpp:610)
   GDScript backtrace (most recent call first):
       [0] _process (res://scripts/net_session.gd:1145)
WARNING: EOSGMultiplayerPeer does not support unreliable ordered. Setting to reliable instead.
   at: godot::EOSGMultiplayerPeer::_set_transfer_mode (src\eosg_multiplayer_peer.cpp:610)
   GDScript backtrace (most recent call first):
       [0] _process (res://scripts/net_session.gd:1145)
WARNING: EOSGMultiplayerPeer does not support unreliable ordered. Setting to reliable instead.
   at: godot::EOSGMultiplayerPeer::_set_transfer_mode (src\eosg_multiplayer_peer.cpp:610)
   GDScript backtrace (most recent call first):
       [0] _process (res://scripts/net_session.gd:1145)
WARNING: EOSGMultiplayerPeer does not support unreliable ordered. Setting to reliable instead.
   at: godot::EOSGMultiplayerPeer::_set_transfer_mode (src\eosg_multiplayer_peer.cpp:610)
   GDScript backtrace (most recent call first):
       [0] _process (res://scripts/net_session.gd:1145)
WARNING: EOSGMultiplayerPeer does not support unreliable ordered. Setting to reliable instead.
   at: godot::EOSGMultiplayerPeer::_set_transfer_mode (src\eosg_multiplayer_peer.cpp:610)
   GDScript backtrace (most recent call first):
       [0] _process (res://scripts/net_session.gd:1145)
WARNING: EOSGMultiplayerPeer does not support unreliable ordered. Setting to reliable instead.
   at: godot::EOSGMultiplayerPeer::_set_transfer_mode (src\eosg_multiplayer_peer.cpp:610)
   GDScript backtrace (most recent call first):
       [0] _process (res://scripts/net_session.gd:1145)
WARNING: EOSGMultiplayerPeer does not support unreliable ordered. Setting to reliable instead.
   at: godot::EOSGMultiplayerPeer::_set_transfer_mode (src\eosg_multiplayer_peer.cpp:610)
   GDScript backtrace (most recent call first):
       [0] _process (res://scripts/net_session.gd:1145)
WARNING: EOSGMultiplayerPeer does not support unreliable ordered. Setting to reliable instead.
   at: godot::EOSGMultiplayerPeer::_set_transfer_mode (src\eosg_multiplayer_peer.cpp:610)
   GDScript backtrace (most recent call first):
       [0] _process (res://scripts/net_session.gd:1145)
WARNING: EOSGMultiplayerPeer does not support unreliable ordered. Setting to reliable instead.
   at: godot::EOSGMultiplayerPeer::_set_transfer_mode (src\eosg_multiplayer_peer.cpp:610)
   GDScript backtrace (most recent call first):
       [0] _process (res://scripts/net_session.gd:1145)
WARNING: EOSGMultiplayerPeer does not support unreliable ordered. Setting to reliable instead.
   at: godot::EOSGMultiplayerPeer::_set_transfer_mode (src\eosg_multiplayer_peer.cpp:610)
   GDScript backtrace (most recent call first):
       [0] _process (res://scripts/net_session.gd:1145)
WARNING: EOSGMultiplayerPeer does not support unreliable ordered. Setting to reliable instead.
   at: godot::EOSGMultiplayerPeer::_set_transfer_mode (src\eosg_multiplayer_peer.cpp:610)
   GDScript backtrace (most recent call first):
       [0] _process (res://scripts/net_session.gd:1145)
WARNING: EOSGMultiplayerPeer does not support unreliable ordered. Setting to reliable instead.
   at: godot::EOSGMultiplayerPeer::_set_transfer_mode (src\eosg_multiplayer_peer.cpp:610)
   GDScript backtrace (most recent call first):
       [0] _process (res://scripts/net_session.gd:1145)
WARNING: EOSGMultiplayerPeer does not support unreliable ordered. Setting to reliable instead.
   at: godot::EOSGMultiplayerPeer::_set_transfer_mode (src\eosg_multiplayer_peer.cpp:610)
   GDScript backtrace (most recent call first):
       [0] _process (res://scripts/net_session.gd:1145)
WARNING: EOSGMultiplayerPeer does not support unreliable ordered. Setting to reliable instead.
   at: godot::EOSGMultiplayerPeer::_set_transfer_mode (src\eosg_multiplayer_peer.cpp:610)
   GDScript backtrace (most recent call first):
       [0] _process (res://scripts/net_session.gd:1145)
WARNING: EOSGMultiplayerPeer does not support unreliable ordered. Setting to reliable instead.
   at: godot::EOSGMultiplayerPeer::_set_transfer_mode (src\eosg_multiplayer_peer.cpp:610)
   GDScript backtrace (most recent call first):
       [0] _process (res://scripts/net_session.gd:1145)
WARNING: EOSGMultiplayerPeer does not support unreliable ordered. Setting to reliable instead.
   at: godot::EOSGMultiplayerPeer::_set_transfer_mode (src\eosg_multiplayer_peer.cpp:610)
   GDScript backtrace (most recent call first):
       [0] _process (res://scripts/net_session.gd:1145)
WARNING: EOSGMultiplayerPeer does not support unreliable ordered. Setting to reliable instead.
   at: godot::EOSGMultiplayerPeer::_set_transfer_mode (src\eosg_multiplayer_peer.cpp:610)
   GDScript backtrace (most recent call first):
       [0] _process (res://scripts/net_session.gd:1145)
PASS: Collected plant disappears for the client without duplicate rewards
WARNING: EOSGMultiplayerPeer does not support unreliable ordered. Setting to reliable instead.
   at: godot::EOSGMultiplayerPeer::_set_transfer_mode (src\eosg_multiplayer_peer.cpp:610)
   GDScript backtrace (most recent call first):
       [0] _process (res://scripts/net_session.gd:1145)
COOP_LOAD STATE_RECEIVE parts=3
COOP_LOAD STATE_STAGE structures
COOP_LOAD STATE_STAGE players
COOP_LOAD STATE_STAGE enemies
COOP_LOAD STATE_STAGE items
COOP_LOAD STATE_STAGE barricades
COOP_LOAD STATE_APPLY_DONE sequence=226
WARNING: EOSGMultiplayerPeer does not support unreliable ordered. Setting to reliable instead.
   at: godot::EOSGMultiplayerPeer::_set_transfer_mode (src\eosg_multiplayer_peer.cpp:610)
   GDScript backtrace (most recent call first):
       [0] _process (res://scripts/net_session.gd:1145)
WARNING: EOSGMultiplayerPeer does not support unreliable ordered. Setting to reliable instead.
   at: godot::EOSGMultiplayerPeer::_set_transfer_mode (src\eosg_multiplayer_peer.cpp:610)
   GDScript backtrace (most recent call first):
       [0] _process (res://scripts/net_session.gd:1145)
WARNING: EOSGMultiplayerPeer does not support unreliable ordered. Setting to reliable instead.
   at: godot::EOSGMultiplayerPeer::_set_transfer_mode (src\eosg_multiplayer_peer.cpp:610)
   GDScript backtrace (most recent call first):
       [0] _process (res://scripts/net_session.gd:1145)
WARNING: EOSGMultiplayerPeer does not support unreliable ordered. Setting to reliable instead.
   at: godot::EOSGMultiplayerPeer::_set_transfer_mode (src\eosg_multiplayer_peer.cpp:610)
   GDScript backtrace (most recent call first):
       [0] _process (res://scripts/net_session.gd:1145)
WARNING: EOSGMultiplayerPeer does not support unreliable ordered. Setting to reliable instead.
   at: godot::EOSGMultiplayerPeer::_set_transfer_mode (src\eosg_multiplayer_peer.cpp:610)
   GDScript backtrace (most recent call first):
       [0] _process (res://scripts/net_session.gd:1145)
WARNING: EOSGMultiplayerPeer does not support unreliable ordered. Setting to reliable instead.
   at: godot::EOSGMultiplayerPeer::_set_transfer_mode (src\eosg_multiplayer_peer.cpp:610)
   GDScript backtrace (most recent call first):
       [0] _process (res://scripts/net_session.gd:1145)
WARNING: EOSGMultiplayerPeer does not support unreliable ordered. Setting to reliable instead.
   at: godot::EOSGMultiplayerPeer::_set_transfer_mode (src\eosg_multiplayer_peer.cpp:610)
   GDScript backtrace (most recent call first):
       [0] _process (res://scripts/net_session.gd:1145)
WARNING: EOSGMultiplayerPeer does not support unreliable ordered. Setting to reliable instead.
   at: godot::EOSGMultiplayerPeer::_set_transfer_mode (src\eosg_multiplayer_peer.cpp:610)
   GDScript backtrace (most recent call first):
       [0] _process (res://scripts/net_session.gd:1145)
WARNING: EOSGMultiplayerPeer does not support unreliable ordered. Setting to reliable instead.
   at: godot::EOSGMultiplayerPeer::_set_transfer_mode (src\eosg_multiplayer_peer.cpp:610)
   GDScript backtrace (most recent call first):
       [0] _process (res://scripts/net_session.gd:1145)
WARNING: EOSGMultiplayerPeer does not support unreliable ordered. Setting to reliable instead.
   at: godot::EOSGMultiplayerPeer::_set_transfer_mode (src\eosg_multiplayer_peer.cpp:610)
   GDScript backtrace (most recent call first):
       [0] _process (res://scripts/net_session.gd:1145)
WARNING: EOSGMultiplayerPeer does not support unreliable ordered. Setting to reliable instead.
   at: godot::EOSGMultiplayerPeer::_set_transfer_mode (src\eosg_multiplayer_peer.cpp:610)
   GDScript backtrace (most recent call first):
       [0] _process (res://scripts/net_session.gd:1145)
WARNING: EOSGMultiplayerPeer does not support unreliable ordered. Setting to reliable instead.
   at: godot::EOSGMultiplayerPeer::_set_transfer_mode (src\eosg_multiplayer_peer.cpp:610)
   GDScript backtrace (most recent call first):
       [0] _process (res://scripts/net_session.gd:1145)
WARNING: EOSGMultiplayerPeer does not support unreliable ordered. Setting to reliable instead.
   at: godot::EOSGMultiplayerPeer::_set_transfer_mode (src\eosg_multiplayer_peer.cpp:610)
   GDScript backtrace (most recent call first):
       [0] _process (res://scripts/net_session.gd:1145)
WARNING: EOSGMultiplayerPeer does not support unreliable ordered. Setting to reliable instead.
   at: godot::EOSGMultiplayerPeer::_set_transfer_mode (src\eosg_multiplayer_peer.cpp:610)
   GDScript backtrace (most recent call first):
       [0] _process (res://scripts/net_session.gd:1145)
WARNING: EOSGMultiplayerPeer does not support unreliable ordered. Setting to reliable instead.
   at: godot::EOSGMultiplayerPeer::_set_transfer_mode (src\eosg_multiplayer_peer.cpp:610)
   GDScript backtrace (most recent call first):
       [0] _process (res://scripts/net_session.gd:1145)
WARNING: EOSGMultiplayerPeer does not support unreliable ordered. Setting to reliable instead.
   at: godot::EOSGMultiplayerPeer::_set_transfer_mode (src\eosg_multiplayer_peer.cpp:610)
   GDScript backtrace (most recent call first):
       [0] _process (res://scripts/net_session.gd:1145)
WARNING: EOSGMultiplayerPeer does not support unreliable ordered. Setting to reliable instead.
   at: godot::EOSGMultiplayerPeer::_set_transfer_mode (src\eosg_multiplayer_peer.cpp:610)
   GDScript backtrace (most recent call first):
       [0] _process (res://scripts/net_session.gd:1145)
WARNING: EOSGMultiplayerPeer does not support unreliable ordered. Setting to reliable instead.
   at: godot::EOSGMultiplayerPeer::_set_transfer_mode (src\eosg_multiplayer_peer.cpp:610)
   GDScript backtrace (most recent call first):
       [0] _process (res://scripts/net_session.gd:1145)
WARNING: EOSGMultiplayerPeer does not support unreliable ordered. Setting to reliable instead.
   at: godot::EOSGMultiplayerPeer::_set_transfer_mode (src\eosg_multiplayer_peer.cpp:610)
   GDScript backtrace (most recent call first):
       [0] _process (res://scripts/net_session.gd:1145)
WARNING: EOSGMultiplayerPeer does not support unreliable ordered. Setting to reliable instead.
   at: godot::EOSGMultiplayerPeer::_set_transfer_mode (src\eosg_multiplayer_peer.cpp:610)
   GDScript backtrace (most recent call first):
       [0] _process (res://scripts/net_session.gd:1145)
WARNING: EOSGMultiplayerPeer does not support unreliable ordered. Setting to reliable instead.
   at: godot::EOSGMultiplayerPeer::_set_transfer_mode (src\eosg_multiplayer_peer.cpp:610)
   GDScript backtrace (most recent call first):
       [0] _process (res://scripts/net_session.gd:1145)
WARNING: EOSGMultiplayerPeer does not support unreliable ordered. Setting to reliable instead.
   at: godot::EOSGMultiplayerPeer::_set_transfer_mode (src\eosg_multiplayer_peer.cpp:610)
   GDScript backtrace (most recent call first):
       [0] _process (res://scripts/net_session.gd:1145)
WARNING: EOSGMultiplayerPeer does not support unreliable ordered. Setting to reliable instead.
   at: godot::EOSGMultiplayerPeer::_set_transfer_mode (src\eosg_multiplayer_peer.cpp:610)
   GDScript backtrace (most recent call first):
       [0] _process (res://scripts/net_session.gd:1145)
WARNING: EOSGMultiplayerPeer does not support unreliable ordered. Setting to reliable instead.
   at: godot::EOSGMultiplayerPeer::_set_transfer_mode (src\eosg_multiplayer_peer.cpp:610)
   GDScript backtrace (most recent call first):
       [0] _process (res://scripts/net_session.gd:1145)
WARNING: EOSGMultiplayerPeer does not support unreliable ordered. Setting to reliable instead.
   at: godot::EOSGMultiplayerPeer::_set_transfer_mode (src\eosg_multiplayer_peer.cpp:610)
   GDScript backtrace (most recent call first):
       [0] _process (res://scripts/net_session.gd:1145)
WARNING: EOSGMultiplayerPeer does not support unreliable ordered. Setting to reliable instead.
   at: godot::EOSGMultiplayerPeer::_set_transfer_mode (src\eosg_multiplayer_peer.cpp:610)
   GDScript backtrace (most recent call first):
       [0] _process (res://scripts/net_session.gd:1145)
WARNING: EOSGMultiplayerPeer does not support unreliable ordered. Setting to reliable instead.
   at: godot::EOSGMultiplayerPeer::_set_transfer_mode (src\eosg_multiplayer_peer.cpp:610)
   GDScript backtrace (most recent call first):
       [0] _process (res://scripts/net_session.gd:1145)
WARNING: EOSGMultiplayerPeer does not support unreliable ordered. Setting to reliable instead.
   at: godot::EOSGMultiplayerPeer::_set_transfer_mode (src\eosg_multiplayer_peer.cpp:610)
   GDScript backtrace (most recent call first):
       [0] _process (res://scripts/net_session.gd:1145)
WARNING: EOSGMultiplayerPeer does not support unreliable ordered. Setting to reliable instead.
   at: godot::EOSGMultiplayerPeer::_set_transfer_mode (src\eosg_multiplayer_peer.cpp:610)
   GDScript backtrace (most recent call first):
       [0] _process (res://scripts/net_session.gd:1145)
WARNING: EOSGMultiplayerPeer does not support unreliable ordered. Setting to reliable instead.
   at: godot::EOSGMultiplayerPeer::_set_transfer_mode (src\eosg_multiplayer_peer.cpp:610)
   GDScript backtrace (most recent call first):
       [0] _process (res://scripts/net_session.gd:1145)
WARNING: EOSGMultiplayerPeer does not support unreliable ordered. Setting to reliable instead.
   at: godot::EOSGMultiplayerPeer::_set_transfer_mode (src\eosg_multiplayer_peer.cpp:610)
   GDScript backtrace (most recent call first):
       [0] _process (res://scripts/net_session.gd:1145)
WARNING: EOSGMultiplayerPeer does not support unreliable ordered. Setting to reliable instead.
   at: godot::EOSGMultiplayerPeer::_set_transfer_mode (src\eosg_multiplayer_peer.cpp:610)
   GDScript backtrace (most recent call first):
       [0] _process (res://scripts/net_session.gd:1145)
WARNING: EOSGMultiplayerPeer does not support unreliable ordered. Setting to reliable instead.
   at: godot::EOSGMultiplayerPeer::_set_transfer_mode (src\eosg_multiplayer_peer.cpp:610)
   GDScript backtrace (most recent call first):
       [0] _process (res://scripts/net_session.gd:1145)
WARNING: EOSGMultiplayerPeer does not support unreliable ordered. Setting to reliable instead.
   at: godot::EOSGMultiplayerPeer::_set_transfer_mode (src\eosg_multiplayer_peer.cpp:610)
   GDScript backtrace (most recent call first):
       [0] _process (res://scripts/net_session.gd:1145)
WARNING: EOSGMultiplayerPeer does not support unreliable ordered. Setting to reliable instead.
   at: godot::EOSGMultiplayerPeer::_set_transfer_mode (src\eosg_multiplayer_peer.cpp:610)
   GDScript backtrace (most recent call first):
       [0] _process (res://scripts/net_session.gd:1145)
WARNING: EOSGMultiplayerPeer does not support unreliable ordered. Setting to reliable instead.
   at: godot::EOSGMultiplayerPeer::_set_transfer_mode (src\eosg_multiplayer_peer.cpp:610)
   GDScript backtrace (most recent call first):
       [0] _process (res://scripts/net_session.gd:1145)
WARNING: EOSGMultiplayerPeer does not support unreliable ordered. Setting to reliable instead.
   at: godot::EOSGMultiplayerPeer::_set_transfer_mode (src\eosg_multiplayer_peer.cpp:610)
   GDScript backtrace (most recent call first):
       [0] _process (res://scripts/net_session.gd:1145)
WARNING: EOSGMultiplayerPeer does not support unreliable ordered. Setting to reliable instead.
   at: godot::EOSGMultiplayerPeer::_set_transfer_mode (src\eosg_multiplayer_peer.cpp:610)
   GDScript backtrace (most recent call first):
       [0] _process (res://scripts/net_session.gd:1145)
WARNING: EOSGMultiplayerPeer does not support unreliable ordered. Setting to reliable instead.
   at: godot::EOSGMultiplayerPeer::_set_transfer_mode (src\eosg_multiplayer_peer.cpp:610)
   GDScript backtrace (most recent call first):
       [0] _process (res://scripts/net_session.gd:1145)
WARNING: EOSGMultiplayerPeer does not support unreliable ordered. Setting to reliable instead.
   at: godot::EOSGMultiplayerPeer::_set_transfer_mode (src\eosg_multiplayer_peer.cpp:610)
   GDScript backtrace (most recent call first):
       [0] _process (res://scripts/net_session.gd:1145)
WARNING: EOSGMultiplayerPeer does not support unreliable ordered. Setting to reliable instead.
   at: godot::EOSGMultiplayerPeer::_set_transfer_mode (src\eosg_multiplayer_peer.cpp:610)
   GDScript backtrace (most recent call first):
       [0] _process (res://scripts/net_session.gd:1145)
WARNING: EOSGMultiplayerPeer does not support unreliable ordered. Setting to reliable instead.
   at: godot::EOSGMultiplayerPeer::_set_transfer_mode (src\eosg_multiplayer_peer.cpp:610)
   GDScript backtrace (most recent call first):
       [0] _process (res://scripts/net_session.gd:1145)
WARNING: EOSGMultiplayerPeer does not support unreliable ordered. Setting to reliable instead.
   at: godot::EOSGMultiplayerPeer::_set_transfer_mode (src\eosg_multiplayer_peer.cpp:610)
   GDScript backtrace (most recent call first):
       [0] _process (res://scripts/net_session.gd:1145)
WARNING: EOSGMultiplayerPeer does not support unreliable ordered. Setting to reliable instead.
   at: godot::EOSGMultiplayerPeer::_set_transfer_mode (src\eosg_multiplayer_peer.cpp:610)
   GDScript backtrace (most recent call first):
       [0] _process (res://scripts/net_session.gd:1145)
WARNING: EOSGMultiplayerPeer does not support unreliable ordered. Setting to reliable instead.
   at: godot::EOSGMultiplayerPeer::_set_transfer_mode (src\eosg_multiplayer_peer.cpp:610)
   GDScript backtrace (most recent call first):
       [0] _process (res://scripts/net_session.gd:1145)
WARNING: EOSGMultiplayerPeer does not support unreliable ordered. Setting to reliable instead.
   at: godot::EOSGMultiplayerPeer::_set_transfer_mode (src\eosg_multiplayer_peer.cpp:610)
   GDScript backtrace (most recent call first):
       [0] _process (res://scripts/net_session.gd:1145)
PASS: Tower placement replicates to the client
WARNING: EOSGMultiplayerPeer does not support unreliable ordered. Setting to reliable instead.
   at: godot::EOSGMultiplayerPeer::_set_transfer_mode (src\eosg_multiplayer_peer.cpp:610)
   GDScript backtrace (most recent call first):
       [0] _process (res://scripts/net_session.gd:1145)
WARNING: EOSGMultiplayerPeer does not support unreliable ordered. Setting to reliable instead.
   at: godot::EOSGMultiplayerPeer::_set_transfer_mode (src\eosg_multiplayer_peer.cpp:610)
   GDScript backtrace (most recent call first):
       [0] _process (res://scripts/net_session.gd:1145)
WARNING: EOSGMultiplayerPeer does not support unreliable ordered. Setting to reliable instead.
   at: godot::EOSGMultiplayerPeer::_set_transfer_mode (src\eosg_multiplayer_peer.cpp:610)
   GDScript backtrace (most recent call first):
       [0] _process (res://scripts/net_session.gd:1145)
WARNING: EOSGMultiplayerPeer does not support unreliable ordered. Setting to reliable instead.
   at: godot::EOSGMultiplayerPeer::_set_transfer_mode (src\eosg_multiplayer_peer.cpp:610)
   GDScript backtrace (most recent call first):
       [0] _process (res://scripts/net_session.gd:1145)
WARNING: EOSGMultiplayerPeer does not support unreliable ordered. Setting to reliable instead.
   at: godot::EOSGMultiplayerPeer::_set_transfer_mode (src\eosg_multiplayer_peer.cpp:610)
   GDScript backtrace (most recent call first):
       [0] _process (res://scripts/net_session.gd:1145)
WARNING: EOSGMultiplayerPeer does not support unreliable ordered. Setting to reliable instead.
   at: godot::EOSGMultiplayerPeer::_set_transfer_mode (src\eosg_multiplayer_peer.cpp:610)
   GDScript backtrace (most recent call first):
       [0] _process (res://scripts/net_session.gd:1145)
WARNING: EOSGMultiplayerPeer does not support unreliable ordered. Setting to reliable instead.
   at: godot::EOSGMultiplayerPeer::_set_transfer_mode (src\eosg_multiplayer_peer.cpp:610)
   GDScript backtrace (most recent call first):
       [0] _process (res://scripts/net_session.gd:1145)
WARNING: EOSGMultiplayerPeer does not support unreliable ordered. Setting to reliable instead.
   at: godot::EOSGMultiplayerPeer::_set_transfer_mode (src\eosg_multiplayer_peer.cpp:610)
   GDScript backtrace (most recent call first):
       [0] _process (res://scripts/net_session.gd:1145)
WARNING: EOSGMultiplayerPeer does not support unreliable ordered. Setting to reliable instead.
   at: godot::EOSGMultiplayerPeer::_set_transfer_mode (src\eosg_multiplayer_peer.cpp:610)
   GDScript backtrace (most recent call first):
       [0] _process (res://scripts/net_session.gd:1145)
WARNING: EOSGMultiplayerPeer does not support unreliable ordered. Setting to reliable instead.
   at: godot::EOSGMultiplayerPeer::_set_transfer_mode (src\eosg_multiplayer_peer.cpp:610)
   GDScript backtrace (most recent call first):
       [0] _process (res://scripts/net_session.gd:1145)
WARNING: EOSGMultiplayerPeer does not support unreliable ordered. Setting to reliable instead.
   at: godot::EOSGMultiplayerPeer::_set_transfer_mode (src\eosg_multiplayer_peer.cpp:610)
   GDScript backtrace (most recent call first):
       [0] _process (res://scripts/net_session.gd:1145)
WARNING: EOSGMultiplayerPeer does not support unreliable ordered. Setting to reliable instead.
   at: godot::EOSGMultiplayerPeer::_set_transfer_mode (src\eosg_multiplayer_peer.cpp:610)
   GDScript backtrace (most recent call first):
       [0] _process (res://scripts/net_session.gd:1145)
WARNING: EOSGMultiplayerPeer does not support unreliable ordered. Setting to reliable instead.
   at: godot::EOSGMultiplayerPeer::_set_transfer_mode (src\eosg_multiplayer_peer.cpp:610)
   GDScript backtrace (most recent call first):
       [0] _process (res://scripts/net_session.gd:1145)
WARNING: EOSGMultiplayerPeer does not support unreliable ordered. Setting to reliable instead.
   at: godot::EOSGMultiplayerPeer::_set_transfer_mode (src\eosg_multiplayer_peer.cpp:610)
   GDScript backtrace (most recent call first):
       [0] _process (res://scripts/net_session.gd:1145)
WARNING: EOSGMultiplayerPeer does not support unreliable ordered. Setting to reliable instead.
   at: godot::EOSGMultiplayerPeer::_set_transfer_mode (src\eosg_multiplayer_peer.cpp:610)
   GDScript backtrace (most recent call first):
       [0] _process (res://scripts/net_session.gd:1145)
WARNING: EOSGMultiplayerPeer does not support unreliable ordered. Setting to reliable instead.
   at: godot::EOSGMultiplayerPeer::_set_transfer_mode (src\eosg_multiplayer_peer.cpp:610)
   GDScript backtrace (most recent call first):
       [0] _process (res://scripts/net_session.gd:1145)
WARNING: EOSGMultiplayerPeer does not support unreliable ordered. Setting to reliable instead.
   at: godot::EOSGMultiplayerPeer::_set_transfer_mode (src\eosg_multiplayer_peer.cpp:610)
   GDScript backtrace (most recent call first):
       [0] _process (res://scripts/net_session.gd:1145)
WARNING: EOSGMultiplayerPeer does not support unreliable ordered. Setting to reliable instead.
   at: godot::EOSGMultiplayerPeer::_set_transfer_mode (src\eosg_multiplayer_peer.cpp:610)
   GDScript backtrace (most recent call first):
       [0] _process (res://scripts/net_session.gd:1145)
WARNING: EOSGMultiplayerPeer does not support unreliable ordered. Setting to reliable instead.
   at: godot::EOSGMultiplayerPeer::_set_transfer_mode (src\eosg_multiplayer_peer.cpp:610)
   GDScript backtrace (most recent call first):
       [0] _process (res://scripts/net_session.gd:1145)
WARNING: EOSGMultiplayerPeer does not support unreliable ordered. Setting to reliable instead.
   at: godot::EOSGMultiplayerPeer::_set_transfer_mode (src\eosg_multiplayer_peer.cpp:610)
   GDScript backtrace (most recent call first):
       [0] _process (res://scripts/net_session.gd:1145)
WARNING: EOSGMultiplayerPeer does not support unreliable ordered. Setting to reliable instead.
   at: godot::EOSGMultiplayerPeer::_set_transfer_mode (src\eosg_multiplayer_peer.cpp:610)
   GDScript backtrace (most recent call first):
       [0] _process (res://scripts/net_session.gd:1145)
WARNING: EOSGMultiplayerPeer does not support unreliable ordered. Setting to reliable instead.
   at: godot::EOSGMultiplayerPeer::_set_transfer_mode (src\eosg_multiplayer_peer.cpp:610)
   GDScript backtrace (most recent call first):
       [0] _process (res://scripts/net_session.gd:1145)
WARNING: EOSGMultiplayerPeer does not support unreliable ordered. Setting to reliable instead.
   at: godot::EOSGMultiplayerPeer::_set_transfer_mode (src\eosg_multiplayer_peer.cpp:610)
   GDScript backtrace (most recent call first):
       [0] _process (res://scripts/net_session.gd:1145)
WARNING: EOSGMultiplayerPeer does not support unreliable ordered. Setting to reliable instead.
   at: godot::EOSGMultiplayerPeer::_set_transfer_mode (src\eosg_multiplayer_peer.cpp:610)
   GDScript backtrace (most recent call first):
       [0] _process (res://scripts/net_session.gd:1145)
WARNING: EOSGMultiplayerPeer does not support unreliable ordered. Setting to reliable instead.
   at: godot::EOSGMultiplayerPeer::_set_transfer_mode (src\eosg_multiplayer_peer.cpp:610)
   GDScript backtrace (most recent call first):
       [0] _process (res://scripts/net_session.gd:1145)
WARNING: EOSGMultiplayerPeer does not support unreliable ordered. Setting to reliable instead.
   at: godot::EOSGMultiplayerPeer::_set_transfer_mode (src\eosg_multiplayer_peer.cpp:610)
   GDScript backtrace (most recent call first):
       [0] _process (res://scripts/net_session.gd:1145)
WARNING: EOSGMultiplayerPeer does not support unreliable ordered. Setting to reliable instead.
   at: godot::EOSGMultiplayerPeer::_set_transfer_mode (src\eosg_multiplayer_peer.cpp:610)
   GDScript backtrace (most recent call first):
       [0] _process (res://scripts/net_session.gd:1145)
WARNING: EOSGMultiplayerPeer does not support unreliable ordered. Setting to reliable instead.
   at: godot::EOSGMultiplayerPeer::_set_transfer_mode (src\eosg_multiplayer_peer.cpp:610)
   GDScript backtrace (most recent call first):
       [0] _process (res://scripts/net_session.gd:1145)
WARNING: EOSGMultiplayerPeer does not support unreliable ordered. Setting to reliable instead.
   at: godot::EOSGMultiplayerPeer::_set_transfer_mode (src\eosg_multiplayer_peer.cpp:610)
   GDScript backtrace (most recent call first):
       [0] _process (res://scripts/net_session.gd:1145)
WARNING: EOSGMultiplayerPeer does not support unreliable ordered. Setting to reliable instead.
   at: godot::EOSGMultiplayerPeer::_set_transfer_mode (src\eosg_multiplayer_peer.cpp:610)
   GDScript backtrace (most recent call first):
       [0] _process (res://scripts/net_session.gd:1145)
WARNING: EOSGMultiplayerPeer does not support unreliable ordered. Setting to reliable instead.
   at: godot::EOSGMultiplayerPeer::_set_transfer_mode (src\eosg_multiplayer_peer.cpp:610)
   GDScript backtrace (most recent call first):
       [0] _process (res://scripts/net_session.gd:1145)
WARNING: EOSGMultiplayerPeer does not support unreliable ordered. Setting to reliable instead.
   at: godot::EOSGMultiplayerPeer::_set_transfer_mode (src\eosg_multiplayer_peer.cpp:610)
   GDScript backtrace (most recent call first):
       [0] _process (res://scripts/net_session.gd:1145)
WARNING: EOSGMultiplayerPeer does not support unreliable ordered. Setting to reliable instead.
   at: godot::EOSGMultiplayerPeer::_set_transfer_mode (src\eosg_multiplayer_peer.cpp:610)
   GDScript backtrace (most recent call first):
       [0] _process (res://scripts/net_session.gd:1145)
WARNING: EOSGMultiplayerPeer does not support unreliable ordered. Setting to reliable instead.
   at: godot::EOSGMultiplayerPeer::_set_transfer_mode (src\eosg_multiplayer_peer.cpp:610)
   GDScript backtrace (most recent call first):
       [0] _process (res://scripts/net_session.gd:1145)
WARNING: EOSGMultiplayerPeer does not support unreliable ordered. Setting to reliable instead.
   at: godot::EOSGMultiplayerPeer::_set_transfer_mode (src\eosg_multiplayer_peer.cpp:610)
   GDScript backtrace (most recent call first):
       [0] _process (res://scripts/net_session.gd:1145)
WARNING: EOSGMultiplayerPeer does not support unreliable ordered. Setting to reliable instead.
   at: godot::EOSGMultiplayerPeer::_set_transfer_mode (src\eosg_multiplayer_peer.cpp:610)
   GDScript backtrace (most recent call first):
       [0] _process (res://scripts/net_session.gd:1145)
WARNING: EOSGMultiplayerPeer does not support unreliable ordered. Setting to reliable instead.
   at: godot::EOSGMultiplayerPeer::_set_transfer_mode (src\eosg_multiplayer_peer.cpp:610)
   GDScript backtrace (most recent call first):
       [0] _process (res://scripts/net_session.gd:1145)
WARNING: EOSGMultiplayerPeer does not support unreliable ordered. Setting to reliable instead.
   at: godot::EOSGMultiplayerPeer::_set_transfer_mode (src\eosg_multiplayer_peer.cpp:610)
   GDScript backtrace (most recent call first):
       [0] _process (res://scripts/net_session.gd:1145)
WARNING: EOSGMultiplayerPeer does not support unreliable ordered. Setting to reliable instead.
   at: godot::EOSGMultiplayerPeer::_set_transfer_mode (src\eosg_multiplayer_peer.cpp:610)
   GDScript backtrace (most recent call first):
       [0] _process (res://scripts/net_session.gd:1145)
WARNING: EOSGMultiplayerPeer does not support unreliable ordered. Setting to reliable instead.
   at: godot::EOSGMultiplayerPeer::_set_transfer_mode (src\eosg_multiplayer_peer.cpp:610)
   GDScript backtrace (most recent call first):
       [0] _process (res://scripts/net_session.gd:1145)
PASS: Attributed kill awards XP to the client profile
WARNING: EOSGMultiplayerPeer does not support unreliable ordered. Setting to reliable instead.
   at: godot::EOSGMultiplayerPeer::_set_transfer_mode (src\eosg_multiplayer_peer.cpp:610)
   GDScript backtrace (most recent call first):
       [0] _process (res://scripts/net_session.gd:1145)
WARNING: EOSGMultiplayerPeer does not support unreliable ordered. Setting to reliable instead.
   at: godot::EOSGMultiplayerPeer::_set_transfer_mode (src\eosg_multiplayer_peer.cpp:610)
   GDScript backtrace (most recent call first):
       [0] _process (res://scripts/net_session.gd:1145)
WARNING: EOSGMultiplayerPeer does not support unreliable ordered. Setting to reliable instead.
   at: godot::EOSGMultiplayerPeer::_set_transfer_mode (src\eosg_multiplayer_peer.cpp:610)
   GDScript backtrace (most recent call first):
       [0] _process (res://scripts/net_session.gd:1145)
COOP_LOAD STATE_RECEIVE parts=3
COOP_LOAD STATE_APPLY_DONE sequence=275
PASS: Client receives victory and mission XP
PLANES_NATURE { "flowers": 14541, "mushrooms": 484, "deer": 6, "stags": 2 } batches=1252
COOP_LOAD EOS LogEOSRTC: TickTracker Ticks have been delayed. TimePeriod=[45.175143s] TickIntervalThreshold=[40ms] MaxTickInterval=[39126ms] MaxExecutionTime=[1ms] TicksCount=[870] ExpectedTicksCount=[1356]
PLANES_NAV polygons=9124
PLANES_SURVIVAL_READY
COOP_LOAD MAP_READY
PLANES_READY trees=393 birds=14 crops={ "corn": 238551, "wheat": 412659, "grass": 795017, "undergrowth": 18813, "woodland_grass": 21884 }
COOP_LOAD INITIAL_RECEIVE parts=2
COOP_LOAD INITIAL_APPLY_BEGIN
COOP_LOAD STATE_STAGE structures
COOP_LOAD STATE_STAGE players
COOP_LOAD STATE_STAGE enemies
COOP_LOAD STATE_STAGE items
COOP_LOAD STATE_STAGE barricades
COOP_LOAD INITIAL_APPLY_DONE
COOP_LOAD STATE_RECEIVE parts=2
COOP_LOAD STATE_STAGE structures
COOP_LOAD STATE_STAGE players
COOP_LOAD STATE_STAGE enemies
COOP_LOAD STATE_STAGE items
COOP_LOAD STATE_STAGE barricades
COOP_LOAD STATE_APPLY_DONE sequence=277
COOP_LOAD ROUND_BEGIN intro=false
COOP_LOAD ROUND_RUNNING players=2
COOP_RUNNING players=2
WARNING: EOSGMultiplayerPeer does not support unreliable ordered. Setting to reliable instead.
   at: godot::EOSGMultiplayerPeer::_set_transfer_mode (src\eosg_multiplayer_peer.cpp:610)
   GDScript backtrace (most recent call first):
       [0] _process (res://scripts/net_session.gd:1145)
WARNING: EOSGMultiplayerPeer does not support unreliable ordered. Setting to reliable instead.
   at: godot::EOSGMultiplayerPeer::_set_transfer_mode (src\eosg_multiplayer_peer.cpp:610)
   GDScript backtrace (most recent call first):
       [0] _process (res://scripts/net_session.gd:1145)
WARNING: EOSGMultiplayerPeer does not support unreliable ordered. Setting to reliable instead.
   at: godot::EOSGMultiplayerPeer::_set_transfer_mode (src\eosg_multiplayer_peer.cpp:610)
   GDScript backtrace (most recent call first):
       [0] _process (res://scripts/net_session.gd:1145)
PASS: Client rejoins the rematch with persistent class progress
WARNING: EOSGMultiplayerPeer does not support unreliable ordered. Setting to reliable instead.
   at: godot::EOSGMultiplayerPeer::_set_transfer_mode (src\eosg_multiplayer_peer.cpp:610)
   GDScript backtrace (most recent call first):
       [0] _process (res://scripts/net_session.gd:1145)
WARNING: EOSGMultiplayerPeer does not support unreliable ordered. Setting to reliable instead.
   at: godot::EOSGMultiplayerPeer::_set_transfer_mode (src\eosg_multiplayer_peer.cpp:610)
   GDScript backtrace (most recent call first):
       [0] _process (res://scripts/net_session.gd:1145)
WARNING: EOSGMultiplayerPeer does not support unreliable ordered. Setting to reliable instead.
   at: godot::EOSGMultiplayerPeer::_set_transfer_mode (src\eosg_multiplayer_peer.cpp:610)
   GDScript backtrace (most recent call first):
       [0] _process (res://scripts/net_session.gd:1145)
WARNING: EOSGMultiplayerPeer does not support unreliable ordered. Setting to reliable instead.
   at: godot::EOSGMultiplayerPeer::_set_transfer_mode (src\eosg_multiplayer_peer.cpp:610)
   GDScript backtrace (most recent call first):
       [0] _process (res://scripts/net_session.gd:1145)
PLANES_COOP_DONE host=false checks=17 failures=0
COOP_LOAD EOS LogEOSP2P: Received packet with unknown remote socket mapping. LocalUserId=[000...791] RemoteUserId=[000...89d] RemoteSessionRouteId=[0] Channel=[3]
COOP_LOAD EOS LogEOSP2P: Received packet with unknown remote socket mapping. LocalUserId=[000...791] RemoteUserId=[000...89d] RemoteSessionRouteId=[0] Channel=[3]
COOP_LOAD PEER_DISCONNECTED id=1
COOP_LOAD EOS_LOBBY_LEAVE
COOP_LOAD EOS LogEOSP2P: Leave all connections due to P2P network shutdown
COOP_LOAD EOS LogEOSLobby: SendMessage - Sending message FAILURE: Id: z4Tv3I1sP0WMmhmeIvAG2w Type: leave "<Redacted>" Result: EOS_NoConnection
COOP_LOAD EOS LogEOSLobby: SendMessage - Sending message FAILURE: Id: kogogj2M5kaqNQbbXMo-Uw Type: leave "<Redacted>" Result: EOS_NoConnection
